"adm1.name","adm2.name","adm3.name","adm3.code","kp.era5","mort.dia"
"National Capital Region","NCR, City of Manila, First District","NCR, City of Manila, First District","PH133900000",3,2138
"Region IV-B","Palawan","Aborlan","PH175301000",3,15
"Region IV-B","Occidental Mindoro","Abra de Ilog","PH175101000",2,9
"Region III","Bataan","Abucay","PH030801000",2,8
"Region II","Cagayan","Abulug","PH021501000",2,3
"Region VIII","Leyte","Abuyog","PH083701000",1,44
"Region I","Ilocos Norte","Adams","PH012801000",1,1
"Region IV-A","Quezon","Agdangan","PH045601000",1,3
"Region II","Quirino","Aglipay","PH025701000",1,9
"Region I","Pangasinan","Agno","PH015501000",2,3
"Region IV-A","Batangas","Agoncillo","PH041001000",3,1
"Region I","La Union","Agoo","PH013301000",3,130
"Region I","Pangasinan","Aguilar","PH015502000",2,27
"Cordillera Administrative Region","Ifugao","Aguinaldo","PH142708000",2,4
"Region IV-B","Palawan","Agutaya","PH175302000",2,2
"Region VI","Iloilo","Ajuy","PH063001000",1,35
"Autonomous Region in Muslim Mindanao","Basilan","Akbar","PH150708000",1,NA
"Autonomous Region in Muslim Mindanao","Basilan","Al-Barka","PH150709000",1,NA
"Region IV-A","Quezon","Alabat","PH045602000",1,25
"Region XII","Sarangani","Alabel","PH128001000",3,28
"Region XII","Cotabato","Alamada","PH124701000",1,31
"Region IV-A","Laguna","Alaminos","PH043401000",2,12
"Region VIII","Leyte","Alangalang","PH083702000",1,13
"Region VIII","Leyte","Albuera","PH083703000",1,NA
"Region VII","Bohol","Alburquerque","PH071201000",1,3
"Region I","Pangasinan","Alcala","PH015504000",3,2
"Region II","Cagayan","Alcala","PH021502000",3,22
"Region VII","Cebu","Alcantara","PH072201000",1,2
"Region IV-B","Romblon","Alcantara","PH175901000",2,2
"Region VII","Cebu","Alcoy","PH072202000",1,3
"Region VII","Cebu","Alegria","PH072203000",1,8
"Region XIII","Surigao del Norte","Alegria","PH166701000",1,3
"Region XII","Cotabato","Aleosan","PH124717000",1,12
"Region IV-A","Cavite","Alfonso","PH042101000",2,23
"Region II","Nueva Vizcaya","Alfonso Castaneda","PH025015000",1,2
"Cordillera Administrative Region","Ifugao","Alfonso Lista","PH142707000",2,12
"Region III","Nueva Ecija","Aliaga","PH034901000",3,16
"Region II","Isabela","Alicia","PH023101000",2,36
"Region VII","Bohol","Alicia","PH071202000",1,11
"Region IX","Zamboanga Sibugay","Alicia","PH098301000",1,16
"Region I","Ilocos Sur","Alilem","PH012901000",3,3
"Region VI","Iloilo","Alimodian","PH063002000",2,30
"Region IV-A","Batangas","Alitagtag","PH041002000",3,5
"Region II","Cagayan","Allacapan","PH021503000",2,13
"Region VIII","Northern Samar","Allen","PH084801000",1,55
"Region VIII","Samar","Almagro","PH086001000",1,4
"Region VIII","Biliran","Almeria","PH087801000",1,5
"Region VII","Cebu","Aloguinsan","PH072204000",1,6
"Region X","Misamis Occidental","Aloran","PH104201000",1,8
"Region VI","Aklan","Altavas","PH060401000",1,11
"Region X","Misamis Oriental","Alubijid","PH104301000",1,7
"Region IV-A","Cavite","Amadeo","PH042102000",2,8
"Region II","Nueva Vizcaya","Ambaguio","PH025001000",3,1
"Region VII","Negros Oriental","Amlan","PH074601000",2,12
"Autonomous Region in Muslim Mindanao","Maguindanao","Ampatuan","PH153801000",1,4
"Region II","Cagayan","Amulung","PH021504000",3,15
"Region VIII","Southern Leyte","Anahawan","PH086401000",1,29
"Region III","Tarlac","Anao","PH036901000",3,2
"Region I","Pangasinan","Anda","PH015505000",2,12
"Region VII","Bohol","Anda","PH071203000",1,10
"Region II","Isabela","Angadanan","PH023102000",2,4
"Region III","Bulacan","Angat","PH031401000",2,8
"Region III","Pampanga","Angeles City","PH035401000",2,221
"Region IV-A","Rizal","Angono","PH045801000",2,136
"Region VI","Iloilo","Anilao","PH063003000",2,14
"Region VI","Antique","Anini-Y","PH060601000",2,12
"Region VII","Bohol","Antequera","PH071204000",1,NA
"Region XII","Cotabato","Antipas","PH124715000",1,8
"Region III","Pampanga","Apalit","PH035402000",3,17
"Region II","Cagayan","Aparri","PH021505000",2,110
"Region IV-B","Palawan","Araceli","PH175303000",3,8
"Region XII","Cotabato","Arakan","PH124718000",1,12
"Region III","Pampanga","Arayat","PH035403000",3,49
"Region VII","Cebu","Argao","PH072205000",1,39
"Region I","La Union","Aringay","PH013302000",3,4
"Region II","Nueva Vizcaya","Aritao","PH025002000",3,9
"Region V","Masbate","Aroroy","PH054101000",1,138
"Region VIII","Eastern Samar","Arteche","PH082601000",1,17
"Region I","Pangasinan","Asingan","PH015506000",3,7
"Cordillera Administrative Region","Ifugao","Asipulo","PH142711000",2,1
"Region VII","Cebu","Asturias","PH072206000",2,15
"Region XI","Davao del Norte","Asuncion","PH112301000",1,14
"Region IV-A","Quezon","Atimonan","PH045603000",1,46
"Cordillera Administrative Region","Benguet","Atok","PH141101000",2,2
"Region II","Isabela","Aurora","PH023103000",2,6
"Region IX","Zamboanga del Sur","Aurora","PH097302000",1,71
"Region VII","Negros Oriental","Ayungon","PH074602000",2,12
"Region V","Camarines Sur","Baao","PH051701000",1,17
"Region VIII","Leyte","Babatngon","PH083705000",1,15
"Region V","Albay","Bacacay","PH050501000",1,19
"Region I","Ilocos Norte","Bacarra","PH012802000",3,13
"Region VII","Bohol","Baclayon","PH071205000",1,5
"Region I","La Union","Bacnotan","PH013303000",3,7
"Region IV-B","Oriental Mindoro","Baco","PH175201000",2,4
"Region X","Lanao del Norte","Bacolod","PH103501000",1,14
"Autonomous Region in Muslim Mindanao","Lanao del Sur","Bacolod-Kalawi","PH153601000",1,1
"Region VI","Negros Occidental","Bacolod City","PH064501000",1,1197
"Region III","Pampanga","Bacolor","PH035404000",3,NA
"Region VII","Negros Oriental","Bacong","PH074603000",2,16
"Region IV-A","Cavite","Bacoor City","PH042103000",3,148
"Region XIII","Surigao del Norte","Bacuag","PH166702000",1,10
"Region IX","Zamboanga del Norte","Bacungan","PH097226000",1,19
"Region VII","Cebu","Badian","PH072207000",1,18
"Region VI","Iloilo","Badiangan","PH063004000",2,17
"Region I","Ilocos Norte","Badoc","PH012803000",3,NA
"Region II","Nueva Vizcaya","Bagabag","PH025003000",2,8
"Region III","Bataan","Bagac","PH030802000",2,7
"Region V","Catanduanes","Bagamanoc","PH052001000",1,2
"Region XI","Davao Oriental","Baganga","PH112501000",1,33
"Region II","Cagayan","Baggao","PH021506000",2,68
"Region VI","Negros Occidental","Bago City","PH064502000",2,148
"Cordillera Administrative Region","Benguet","Baguio City","PH141102000",2,186
"Region I","La Union","Bagulin","PH013304000",3,2
"Region XII","Sultan Kudarat","Bagumbayan","PH126501000",1,6
"Region VII","Negros Oriental","Bais City","PH074604000",2,51
"Cordillera Administrative Region","Benguet","Bakun","PH141103000",12,4
"Region IV-B","Palawan","Balabac","PH175304000",2,6
"Autonomous Region in Muslim Mindanao","Lanao del Sur","Balabagan","PH153602000",1,NA
"Region III","Bulacan","Balagtas","PH031402000",2,18
"Region VII","Cebu","Balamban","PH072208000",1,72
"Region VIII","Eastern Samar","Balangiga","PH082602000",1,10
"Region VIII","Eastern Samar","Balangkayan","PH082603000",1,NA
"Region I","La Union","Balaoan","PH013305000",3,20
"Region VI","Iloilo","Balasan","PH063005000",1,49
"Region V","Camarines Sur","Balatan","PH051702000",1,34
"Region IV-A","Batangas","Balayan","PH041003000",3,46
"Cordillera Administrative Region","Kalinga","Balbalan","PH143201000",2,2
"Region V","Masbate","Baleno","PH054102000",1,6
"Region III","Aurora","Baler","PH037701000",1,35
"Region IV-A","Batangas","Balete","PH041004000",3,3
"Region VI","Aklan","Balete","PH060402000",1,14
"Region X","Misamis Occidental","Baliangao","PH104202000",1,1
"Region IX","Zamboanga del Norte","Baliguian","PH097224000",2,6
"Region VII","Bohol","Balilihan","PH071206000",2,7
"Autonomous Region in Muslim Mindanao","Lanao del Sur","Balindong","PH153603000",1,8
"Region X","Misamis Oriental","Balingasag","PH104302000",1,39
"Region X","Misamis Oriental","Balingoan","PH104303000",1,1
"Region III","Bulacan","Baliuag","PH031403000",2,73
"Region II","Cagayan","Ballesteros","PH021507000",2,52
"Region X","Lanao del Norte","Baloi","PH103502000",1,6
"Region V","Masbate","Balud","PH054103000",2,34
"Region I","Pangasinan","Balungao","PH015507000",3,13
"Region III","Tarlac","Bamban","PH036902000",2,20
"Region II","Nueva Vizcaya","Bambang","PH025004000",3,43
"Region VI","Iloilo","Banate","PH063006000",2,7
"Cordillera Administrative Region","Ifugao","Banaue","PH142701000",2,25
"Region XI","Davao Oriental","Banaybanay","PH112502000",1,3
"Region I","Ilocos Sur","Banayoyo","PH012902000",2,1
"Region VI","Aklan","Banga","PH060403000",1,33
"Region XII","South Cotabato","Banga","PH126302000",1,30
"Region I","La Union","Bangar","PH013306000",3,11
"Cordillera Administrative Region","Abra","Bangued","PH140101000",2,60
"Region I","Ilocos Norte","Bangui","PH012804000",2,6
"Region I","Pangasinan","Bani","PH015508000",2,6
"Region XII","Cotabato","Banisilan","PH124716000",1,11
"Region I","Ilocos Norte","Banna","PH012811000",2,9
"Region XI","Davao del Sur","Bansalan","PH112401000",1,37
"Region IV-B","Oriental Mindoro","Bansud","PH175202000",2,7
"Region I","Ilocos Sur","Bantay","PH012903000",3,18
"Region VII","Cebu","Bantayan","PH072209000",2,113
"Region IV-B","Romblon","Banton","PH175902000",NA,2
"Region IV-A","Rizal","Baras","PH045803000",2,20
"Region V","Catanduanes","Baras","PH052002000",1,8
"Region VI","Antique","Barbaza","PH060602000",2,20
"Region V","Sorsogon","Barcelona","PH056202000",1,NA
"Region VII","Cebu","Barili","PH072210000",1,26
"Autonomous Region in Muslim Mindanao","Maguindanao","Barira","PH153818000",1,NA
"Cordillera Administrative Region","Mountain Province","Barlig","PH144401000",12,2
"Region XIII","Surigao del Sur","Barobo","PH166801000",1,17
"Region VI","Iloilo","Barotac Nuevo","PH063007000",2,46
"Region VI","Iloilo","Barotac Viejo","PH063008000",2,50
"Region X","Lanao del Norte","Baroy","PH103503000",1,101
"Region VIII","Leyte","Barugo","PH083706000",1,3
"Region VII","Negros Oriental","Basay","PH074605000",2,9
"Region II","Batanes","Basco","PH020901000",1,5
"Region VIII","Samar","Basey","PH086002000",1,49
"Region XIII","Dinagat Islands","Basilisa","PH168501000",1,11
"Region I","Pangasinan","Basista","PH015509000",3,18
"Region V","Camarines Norte","Basud","PH051601000",1,7
"Region VI","Iloilo","Batad","PH063009000",1,NA
"Region VI","Aklan","Batan","PH060404000",1,6
"Region IV-A","Batangas","Batangas City","PH041005000",3,262
"Region IV-B","Palawan","Bataraza","PH175305000",3,19
"Region V","Camarines Sur","Bato","PH051703000",1,30
"Region V","Catanduanes","Bato","PH052003000",1,6
"Region VIII","Leyte","Bato","PH083707000",1,17
"Region V","Masbate","Batuan","PH054104000",1,9
"Region VII","Bohol","Batuan","PH071207000",2,8
"Region IV-A","Batangas","Bauan","PH041006000",3,34
"Region I","La Union","Bauang","PH013307000",3,10
"Cordillera Administrative Region","Mountain Province","Bauko","PH144402000",12,25
"Region X","Bukidnon","Baungon","PH101301000",1,11
"Region I","Pangasinan","Bautista","PH015510000",3,8
"Region IV-A","Laguna","Bay","PH043402000",2,59
"Region XIII","Surigao del Sur","Bayabas","PH166802000",1,7
"Region I","Pangasinan","Bayambang","PH015511000",3,60
"Autonomous Region in Muslim Mindanao","Lanao del Sur","Bayang","PH153604000",1,1
"Region IX","Zamboanga del Sur","Bayog","PH097303000",1,24
"Region II","Nueva Vizcaya","Bayombong","PH025005000",2,90
"Region VI","Antique","Belison","PH060603000",2,4
"Region II","Isabela","Benito Soliven","PH023104000",2,11
"Cordillera Administrative Region","Mountain Province","Besao","PH144403000",12,5
"Region VII","Bohol","Bien Unido","PH071248000",1,23
"Region VII","Bohol","Bilar","PH071208000",2,8
"Region VIII","Biliran","Biliran","PH087802000",1,6
"Region VI","Negros Occidental","Binalbagan","PH064503000",2,33
"Region I","Pangasinan","Binalonan","PH015512000",3,18
"Region IV-A","Rizal","Binangonan","PH045804000",2,80
"Region VII","Negros Oriental","Bindoy","PH074607000",2,63
"Region VI","Iloilo","Bingawan","PH063010000",1,6
"Autonomous Region in Muslim Mindanao","Lanao del Sur","Binidayan","PH153605000",1,NA
"Region I","Pangasinan","Binmaley","PH015513000",2,55
"Region X","Misamis Oriental","Binuangan","PH104304000",1,8
"Region VIII","Northern Samar","Biri","PH084802000",1,8
"Region IV-B","Marinduque","Boac","PH174001000",2,57
"Region VIII","Northern Samar","Bobon","PH084803000",1,34
"Region III","Bulacan","Bocaue","PH031404000",2,45
"Cordillera Administrative Region","Benguet","Bokod","PH141104000",2,8
"Region I","Pangasinan","Bolinao","PH015514000",2,40
"Cordillera Administrative Region","Abra","Boliney","PH140102000",2,NA
"Region VII","Cebu","Boljoon","PH072212000",1,6
"Region V","Camarines Sur","Bombon","PH051704000",1,9
"Region III","Nueva Ecija","Bongabon","PH034902000",2,20
"Region IV-B","Oriental Mindoro","Bongabong","PH175203000",2,30
"Autonomous Region in Muslim Mindanao","Tawi-Tawi","Bongao","PH157002000",1,30
"Region X","Misamis Occidental","Bonifacio","PH104203000",1,28
"Region VIII","Southern Leyte","Bontoc","PH086402000",1,5
"Cordillera Administrative Region","Mountain Province","Bontoc","PH144404000",12,50
"Region VII","Cebu","Borbon","PH072213000",2,10
"Region XI","Davao Oriental","Boston","PH112503000",1,3
"Region III","Zambales","Botolan","PH037101000",2,59
"Region XI","Davao del Norte","Braulio E. Dujali","PH112323000",1,3
"Region IV-B","Palawan","Brooke's Point","PH175306000",3,62
"Autonomous Region in Muslim Mindanao","Lanao del Sur","Buadiposo-Buntong","PH153633000",1,1
"Autonomous Region in Muslim Mindanao","Lanao del Sur","Bubong","PH153606000",1,NA
"Cordillera Administrative Region","Abra","Bucay","PH140103000",2,8
"Cordillera Administrative Region","Abra","Bucloc","PH140104000",2,NA
"Region IV-A","Quezon","Buenavista","PH045605000",1,2
"Region VI","Guimaras","Buenavista","PH067901000",2,22
"Region VII","Bohol","Buenavista","PH071209000",1,18
"Region XIII","Agusan del Norte","Buenavista","PH160201000",1,33
"Region IV-B","Marinduque","Buenavista","PH174002000",2,8
"Region I","Pangasinan","Bugallon","PH015515000",2,22
"Region VI","Antique","Bugasong","PH060604000",2,18
"Region II","Cagayan","Buguey","PH021508000",2,41
"Cordillera Administrative Region","Benguet","Buguias","PH141105000",12,6
"Region V","Camarines Sur","Buhi","PH051705000",1,42
"Region V","Camarines Sur","Bula","PH051706000",1,18
"Region III","Bulacan","Bulacan","PH031405000",2,43
"Region IV-B","Oriental Mindoro","Bulalacao","PH175204000",2,22
"Region V","Sorsogon","Bulan","PH056203000",1,54
"Autonomous Region in Muslim Mindanao","Maguindanao","Buldon","PH153802000",1,NA
"Autonomous Region in Muslim Mindanao","Maguindanao","Buluan","PH153803000",1,90
"Region V","Sorsogon","Bulusan","PH056204000",1,7
"Autonomous Region in Muslim Mindanao","Lanao del Sur","Bumbaran","PH153637000",1,1
"Region XIII","Agusan del Sur","Bunawan","PH160302000",1,21
"Region VIII","Leyte","Burauen","PH083710000",1,44
"Region IV-A","Quezon","Burdeos","PH045606000",1,18
"Region I","Ilocos Norte","Burgos","PH012806000",2,2
"Region I","Ilocos Sur","Burgos","PH012904000",3,1
"Region I","La Union","Burgos","PH013308000",3,1
"Region I","Pangasinan","Burgos","PH015516000",2,7
"Region II","Isabela","Burgos","PH023105000",2,3
"Region XIII","Surigao del Norte","Burgos","PH166704000",1,2
"Region VI","Aklan","Buruanga","PH060405000",2,4
"Region III","Bulacan","Bustos","PH031406000",2,17
"Region IV-B","Palawan","Busuanga","PH175307000",2,3
"Autonomous Region in Muslim Mindanao","Lanao del Sur","Butig","PH153607000",1,NA
"Region XIII","Agusan del Norte","Butuan City","PH160202000",1,457
"Region IX","Zamboanga Sibugay","Buug","PH098302000",1,49
"Region I","La Union","Caba","PH013309000",3,11
"Region II","Isabela","Cabagan","PH023106000",3,31
"Region III","Nueva Ecija","Cabanatuan City","PH034903000",3,264
"Region III","Zambales","Cabangan","PH037102000",2,11
"Region X","Bukidnon","Cabanglasan","PH101322000",1,13
"Region II","Quirino","Cabarroguis","PH025702000",2,29
"Region II","Isabela","Cabatuan","PH023107000",2,16
"Region VI","Iloilo","Cabatuan","PH063012000",2,39
"Region III","Nueva Ecija","Cabiao","PH034904000",3,7
"Region VIII","Biliran","Cabucgayan","PH087803000",1,7
"Region I","Ilocos Sur","Cabugao","PH012905000",2,14
"Region V","Camarines Sur","Cabusao","PH051707000",1,14
"Region IV-A","Laguna","Cabuyao City","PH043404000",3,88
"Region VI","Negros Occidental","Cadiz City","PH064504000",1,235
"Region X","Misamis Oriental","Cagayan de Oro City","PH104305000",1,678
"Region IV-B","Palawan","Cagayancillo","PH175308000",NA,1
"Region XIII","Dinagat Islands","Cagdianao","PH168502000",1,15
"Region XIII","Surigao del Sur","Cagwait","PH166804000",1,4
"Region VIII","Biliran","Caibiran","PH087804000",1,6
"Region IV-A","Rizal","Cainta","PH045805000",3,93
"Region IV-B","Romblon","Cajidiocan","PH175903000",1,80
"Region V","Camarines Sur","Calabanga","PH051708000",1,34
"Region IV-A","Batangas","Calaca","PH041007000",3,17
"Region X","Misamis Occidental","Calamba","PH104204000",1,19
"Cordillera Administrative Region","Apayao","Calanasan","PH148101000",1,1
"Autonomous Region in Muslim Mindanao","Lanao del Sur","Calanogas","PH153632000",1,NA
"Region VII","Bohol","Calape","PH071210000",1,13
"Region I","Pangasinan","Calasiao","PH015517000",2,22
"Region IV-A","Batangas","Calatagan","PH041008000",3,18
"Region VI","Negros Occidental","Calatrava","PH064505000",1,41
"Region IV-B","Romblon","Calatrava","PH175904000",2,3
"Region IV-A","Quezon","Calauag","PH045607000",1,41
"Region IV-A","Laguna","Calauan","PH043406000",2,6
"Region II","Cagayan","Calayan","PH021509000",2,5
"Region VIII","Samar","Calbayog City","PH086003000",1,181
"Region VIII","Samar","Calbiga","PH086004000",1,10
"Region VI","Iloilo","Calinog","PH063013000",2,53
"Region IV-B","Occidental Mindoro","Calintaan","PH175102000",2,20
"National Capital Region","NCR, Third District","Caloocan City","PH137501000",2,615
"Region VIII","Leyte","Calubian","PH083713000",1,29
"Region III","Bulacan","Calumpit","PH031407000",2,27
"Region VI","Antique","Caluya","PH060605000",2,24
"Region II","Cagayan","Camalaniugan","PH021510000",2,37
"Region V","Albay","Camalig","PH050502000",1,9
"Region V","Camarines Sur","Camaligan","PH051709000",1,5
"Region III","Tarlac","Camiling","PH036903000",3,99
"Region VIII","Eastern Samar","Can-Avid","PH082605000",1,1
"Region V","Camarines Sur","Canaman","PH051710000",1,2
"Region III","Pampanga","Candaba","PH035405000",3,19
"Region III","Zambales","Candelaria","PH037103000",2,30
"Region IV-A","Quezon","Candelaria","PH045608000",2,63
"Region VII","Bohol","Candijay","PH071211000",1,20
"Region VI","Negros Occidental","Candoni","PH064506000",2,8
"Region VII","Negros Oriental","Canlaon City","PH074608000",1,52
"Region XIII","Surigao del Sur","Cantilan","PH166805000",1,15
"Region I","Ilocos Sur","Caoayan","PH012907000",3,NA
"Region V","Camarines Norte","Capalonga","PH051602000",1,26
"Region III","Tarlac","Capas","PH036904000",3,38
"Region VIII","Leyte","Capoocan","PH083714000",1,13
"Region VIII","Northern Samar","Capul","PH084804000",1,15
"Region XI","Davao Oriental","Caraga","PH112504000",1,8
"Region V","Camarines Sur","Caramoan","PH051711000",1,24
"Region V","Catanduanes","Caramoran","PH052004000",1,46
"Region I","Ilocos Norte","Carasi","PH012807000",2,NA
"Region IV-A","Rizal","Cardona","PH045806000",2,10
"Region VIII","Leyte","Carigara","PH083715000",1,103
"Region VI","Iloilo","Carles","PH063014000",1,50
"Region VII","Bohol","Carmen","PH071212000",1,47
"Region VII","Cebu","Carmen","PH072215000",1,10
"Region XI","Davao del Norte","Carmen","PH112303000",1,27
"Region XII","Cotabato","Carmen","PH124702000",1,33
"Region XIII","Agusan del Norte","Carmen","PH160204000",1,2
"Region XIII","Surigao del Sur","Carmen","PH166806000",1,3
"Region IV-A","Cavite","Carmona","PH042104000",3,46
"Region III","Nueva Ecija","Carranglan","PH034905000",3,15
"Region XIII","Surigao del Sur","Carrascal","PH166807000",1,2
"Region III","Aurora","Casiguran","PH037702000",1,7
"Region V","Sorsogon","Casiguran","PH056205000",1,16
"Region V","Sorsogon","Castilla","PH056206000",1,28
"Region III","Zambales","Castillejos","PH037104000",2,12
"Region V","Masbate","Cataingan","PH054105000",1,63
"Region IV-A","Quezon","Catanauan","PH045610000",2,80
"Region VIII","Northern Samar","Catarman","PH084805000",1,280
"Region X","Camiguin","Catarman","PH101801000",1,14
"Region XI","Davao Oriental","Cateel","PH112505000",1,29
"Region VII","Bohol","Catigbian","PH071213000",1,17
"Region VII","Cebu","Catmon","PH072216000",2,14
"Region VIII","Northern Samar","Catubig","PH084806000",1,86
"Region VI","Negros Occidental","Cauayan","PH064507000",2,79
"Region IV-A","Laguna","Cavinti","PH043407000",2,2
"Region IV-A","Cavite","Cavite City","PH042105000",3,100
"Region V","Masbate","Cawayan","PH054106000",1,65
"Region VII","Cebu","Cebu City","PH072217000",2,2122
"Region I","Ilocos Sur","Cervantes","PH012908000",2,4
"Region I","Pangasinan","City of Alaminos","PH015503000",2,96
"Region IV-A","Rizal","City of Antipolo","PH045802000",2,545
"Region III","Bataan","City of Balanga","PH030803000",2,224
"Region I","Ilocos Norte","City of Batac","PH012805000",3,118
"Region VII","Negros Oriental","City of Bayawan","PH074606000",2,105
"Region VIII","Leyte","City of Baybay","PH083708000",1,118
"Region XIII","Agusan del Sur","City of Bayugan","PH160301000",1,73
"Region IV-A","Laguna","City of Biñan","PH043403000",3,81
"Region XIII","Surigao del Sur","City of Bislig","PH166803000",1,100
"Region VII","Cebu","City of Bogo","PH072211000",2,144
"Region VIII","Eastern Samar","City of Borongan","PH082604000",1,54
"Region XIII","Agusan del Norte","City of Cabadbaran","PH160203000",1,55
"Region IV-A","Laguna","City of Calamba","PH043405000",3,308
"Region IV-B","Oriental Mindoro","City of Calapan","PH175205000",2,111
"Region I","Ilocos Sur","City of Candon","PH012906000",2,34
"Region VII","Cebu","City of Carcar","PH072214000",1,62
"Region VIII","Samar","City of Catbalogan","PH086005000",1,127
"Region II","Isabela","City of Cauayan","PH023108000",2,132
"Region IV-A","Cavite","City of Dasmariñas","PH042106000",3,455
"Region XI","Davao del Sur","City of Digos","PH112403000",1,215
"Region X","Misamis Oriental","City of El Salvador","PH104307000",1,14
"Region VI","Negros Occidental","City of Escalante","PH064509000",1,153
"Region III","Nueva Ecija","City of Gapan","PH034908000",3,37
"Region IV-A","Cavite","City of General Trias","PH042108000",3,77
"Region VII","Negros Oriental","City of Guihulngan","PH074611000",1,100
"Region VI","Negros Occidental","City of Himamaylan","PH064510000",2,145
"Region IX","City of Isabela","City of Isabela","PH099701000",1,58
"Region VI","Negros Occidental","City of Kabankalan","PH064515000",2,313
"Region XII","Cotabato","City of Kidapawan","PH124704000",1,108
"Region XII","South Cotabato","City of Koronadal","PH126306000",1,312
"Autonomous Region in Muslim Mindanao","Basilan","City of Lamitan","PH150702000",1,12
"National Capital Region","NCR, Fourth District","City of Las Piñas","PH137601000",3,647
"Region V","Albay","City of Ligao","PH050508000",1,85
"Region VIII","Southern Leyte","City of Maasin","PH086407000",1,89
"National Capital Region","NCR, Fourth District","City of Makati","PH137602000",3,170
"National Capital Region","NCR, Third District","City of Malabon","PH137502000",2,148
"Region X","Bukidnon","City of Malaybalay","PH101312000",1,255
"Region III","Bulacan","City of Malolos","PH031410000",2,295
"National Capital Region","NCR, Second District","City of Mandaluyong","PH137401000",3,324
"National Capital Region","NCR, Second District","City of Marikina","PH137402000",2,411
"Region V","Masbate","City of Masbate","PH054111000",1,400
"Region XI","Davao Oriental","City of Mati","PH112509000",1,114
"Region III","Bulacan","City of Meycauayan","PH031412000",2,77
"National Capital Region","NCR, Fourth District","City of Muntinlupa","PH137603000",3,374
"Region VII","Cebu","City of Naga","PH072234000",1,64
"National Capital Region","NCR, Third District","City of Navotas","PH137503000",3,192
"Region XI","Davao del Norte","City of Panabo","PH112315000",1,93
"National Capital Region","NCR, Fourth District","City of Parañaque","PH137604000",3,353
"National Capital Region","NCR, Second District","City of Pasig","PH137403000",3,518
"Region VI","Iloilo","City of Passi","PH063035000",2,57
"Region I","La Union","City of San Fernando","PH013314000",3,191
"Region III","Pampanga","City of San Fernando","PH035416000",3,257
"Region III","Bulacan","City of San Jose del Monte","PH031420000",2,300
"National Capital Region","NCR, Second District","City of San Juan","PH137405000",3,33
"Region IV-A","Laguna","City of San Pedro","PH043425000",3,105
"Region IV-A","Laguna","City of Santa Rosa","PH043428000",3,144
"Region II","Isabela","City of Santiago","PH023135000",2,142
"Region VI","Negros Occidental","City of Sipalay","PH064527000",2,84
"Region V","Sorsogon","City of Sorsogon","PH056216000",1,217
"Region V","Albay","City of Tabaco","PH050517000",1,102
"Cordillera Administrative Region","Kalinga","City of Tabuk","PH143213000",2,33
"Region XII","Sultan Kudarat","City of Tacurong","PH126511000",1,62
"Region XI","Davao del Norte","City of Tagum","PH112319000",1,560
"Region VI","Negros Occidental","City of Talisay","PH064528000",1,44
"Region VII","Cebu","City of Talisay","PH072250000",2,141
"Region IV-A","Batangas","City of Tanauan","PH041031000",3,129
"Region XIII","Surigao del Sur","City of Tandag","PH166819000",1,97
"Region VII","Negros Oriental","City of Tanjay","PH074621000",2,49
"Region III","Tarlac","City of Tarlac","PH036916000",3,421
"Region IV-A","Quezon","City of Tayabas","PH045647000",2,38
"Region I","Pangasinan","City of Urdaneta","PH015546000",3,85
"Region X","Bukidnon","City of Valencia","PH101321000",1,104
"National Capital Region","NCR, Third District","City of Valenzuela","PH137504000",2,292
"Region VI","Negros Occidental","City of Victorias","PH064531000",1,44
"Region I","Ilocos Sur","City of Vigan","PH012934000",3,68
"Region VII","Bohol","Clarin","PH071214000",1,NA
"Region X","Misamis Occidental","Clarin","PH104205000",1,25
"Region XIII","Surigao del Norte","Claver","PH166706000",1,10
"Region II","Cagayan","Claveria","PH021511000",1,19
"Region V","Masbate","Claveria","PH054107000",1,11
"Region X","Misamis Oriental","Claveria","PH104306000",1,15
"Region XII","Sultan Kudarat","Columbio","PH126502000",1,17
"Region VII","Cebu","Compostela","PH072218000",1,14
"Region XI","Compostela Valley","Compostela","PH118201000",1,30
"Region III","Tarlac","Concepcion","PH036905000",3,55
"Region VI","Iloilo","Concepcion","PH063015000",1,14
"Region X","Misamis Occidental","Concepcion","PH104206000",1,3
"Region IV-B","Romblon","Concepcion","PH175905000",2,2
"Cordillera Administrative Region","Apayao","Conner","PH148102000",2,7
"Region VII","Cebu","Consolacion","PH072219000",3,42
"Region IV-B","Romblon","Corcuera","PH175906000",2,5
"Region II","Isabela","Cordon","PH023109000",2,13
"Region VII","Cebu","Cordova","PH072220000",3,33
"Region VII","Bohol","Corella","PH071215000",1,2
"Region IV-B","Palawan","Coron","PH175309000",2,21
"Region VII","Bohol","Cortes","PH071216000",1,NA
"Region XIII","Surigao del Sur","Cortes","PH166808000",1,5
"Region XII","Cotabato City","Cotabato City","PH129804000",1,96
"Region VI","Capiz","Cuartero","PH061901000",1,13
"Region IV-A","Batangas","Cuenca","PH041009000",2,9
"Region VIII","Biliran","Culaba","PH087805000",1,6
"Region VI","Antique","Culasi","PH060606000",2,37
"Region IV-B","Palawan","Culion","PH175322000",2,56
"Region I","Ilocos Norte","Currimao","PH012808000",3,4
"Region III","Nueva Ecija","Cuyapo","PH034906000",3,15
"Region IV-B","Palawan","Cuyo","PH175310000",2,17
"Region VII","Cebu","Daanbantayan","PH072221000",2,59
"Region V","Camarines Norte","Daet","PH051603000",1,236
"Region VIII","Leyte","Dagami","PH083717000",1,14
"Region VII","Bohol","Dagohoy","PH071217000",1,4
"Cordillera Administrative Region","Abra","Daguioman","PH140105000",2,2
"Region I","Pangasinan","Dagupan City","PH015518000",2,481
"Region VII","Cebu","Dalaguete","PH072222000",1,65
"Region X","Bukidnon","Damulog","PH101302000",1,3
"Region VII","Bohol","Danao","PH071218000",1,12
"Region VII","Cebu","Danao City","PH072223000",1,102
"Region X","Bukidnon","Dangcagan","PH101303000",1,7
"Cordillera Administrative Region","Abra","Danglas","PH140106000",2,NA
"Region VI","Capiz","Dao","PH061902000",1,19
"Region XIII","Surigao del Norte","Dapa","PH166707000",1,53
"Region IX","Zamboanga del Norte","Dapitan City","PH097201000",1,83
"Region V","Albay","Daraga","PH050503000",1,195
"Region VIII","Samar","Daram","PH086006000",1,14
"Region I","Pangasinan","Dasol","PH015519000",2,9
"Autonomous Region in Muslim Mindanao","Maguindanao","Datu Abdullah Sangki","PH153828000",1,1
"Autonomous Region in Muslim Mindanao","Maguindanao","Datu Anggal Midtimbang","PH153831000",1,NA
"Autonomous Region in Muslim Mindanao","Maguindanao","Datu Blah T. Sinsuat","PH153830000",1,NA
"Autonomous Region in Muslim Mindanao","Maguindanao","Datu Hoffer Ampatuan","PH153835000",1,1
"Autonomous Region in Muslim Mindanao","Maguindanao","Datu Odin Sinsuat","PH153807000",1,6
"Autonomous Region in Muslim Mindanao","Maguindanao","Datu Paglas","PH153805000",1,3
"Autonomous Region in Muslim Mindanao","Maguindanao","Datu Piang","PH153806000",1,5
"Autonomous Region in Muslim Mindanao","Maguindanao","Datu Salibo","PH153836000",1,NA
"Autonomous Region in Muslim Mindanao","Maguindanao","Datu Saudi-Ampatuan","PH153826000",1,2
"Autonomous Region in Muslim Mindanao","Maguindanao","Datu Unsay","PH153827000",1,NA
"Region VII","Negros Oriental","Dauin","PH074609000",2,2
"Region VII","Bohol","Dauis","PH071219000",1,22
"Region XI","Davao del Sur","Davao City","PH112402000",1,997
"Region XIII","Surigao del Norte","Del Carmen","PH166708000",1,6
"Region V","Camarines Sur","Del Gallego","PH051712000",1,12
"Region II","Isabela","Delfin Albano","PH023118000",2,18
"Region II","Nueva Vizcaya","Diadi","PH025006000",2,9
"Region II","Quirino","Diffun","PH025703000",2,18
"Region III","Aurora","Dilasag","PH037703000",1,1
"Region V","Masbate","Dimasalang","PH054108000",2,38
"Region IX","Zamboanga del Sur","Dimataling","PH097305000",1,7
"Region VII","Bohol","Dimiao","PH071220000",2,4
"Region XIII","Dinagat Islands","Dinagat","PH168503000",1,14
"Region III","Aurora","Dinalungan","PH037704000",1,NA
"Region III","Bataan","Dinalupihan","PH030804000",2,40
"Region II","Isabela","Dinapigue","PH023110000",1,1
"Region IX","Zamboanga del Sur","Dinas","PH097306000",1,9
"Region III","Aurora","Dingalan","PH037705000",1,11
"Region VI","Iloilo","Dingle","PH063016000",2,15
"Region I","Ilocos Norte","Dingras","PH012809000",3,17
"Region III","Aurora","Dipaculao","PH037706000",1,5
"Region IX","Zamboanga Sibugay","Diplahan","PH098303000",1,16
"Region IX","Zamboanga del Norte","Dipolog City","PH097202000",1,267
"Autonomous Region in Muslim Mindanao","Lanao del Sur","Ditsaan-Ramain","PH153624000",1,NA
"Region II","Isabela","Divilacan","PH023111000",1,4
"Region IV-A","Quezon","Dolores","PH045615000",2,6
"Region VIII","Eastern Samar","Dolores","PH082606000",1,27
"Cordillera Administrative Region","Abra","Dolores","PH140107000",2,3
"Region X","Bukidnon","Don Carlos","PH101304000",1,43
"Region XI","Davao Occidental","Don Marcelino","PH118601000",1,5
"Region X","Misamis Occidental","Don Victoriano Chiongbian","PH104217000",1,4
"Region III","Bulacan","Doña Remedios Trinidad","PH031424000",2,12
"Region V","Sorsogon","Donsol","PH056207000",1,14
"Region VI","Iloilo","Dueñas","PH063017000",2,17
"Region VII","Bohol","Duero","PH071221000",1,6
"Region VIII","Leyte","Dulag","PH083718000",1,3
"Region VII","Negros Oriental","Dumaguete City","PH074610000",2,476
"Region VI","Capiz","Dumalag","PH061903000",1,15
"Region IX","Zamboanga del Sur","Dumalinao","PH097307000",1,3
"Region I","Ilocos Norte","Dumalneg","PH012810000",2,NA
"Region VI","Iloilo","Dumangas","PH063018000",2,25
"Region VII","Cebu","Dumanjug","PH072224000",1,16
"Region IV-B","Palawan","Dumaran","PH175311000",3,7
"Region VI","Capiz","Dumarao","PH061904000",1,15
"Region IX","Zamboanga del Sur","Dumingag","PH097308000",1,22
"Region II","Nueva Vizcaya","Dupax del Norte","PH025007000",3,11
"Region II","Nueva Vizcaya","Dupax del Sur","PH025008000",3,2
"Region II","Isabela","Echague","PH023112000",2,67
"Region IV-B","Palawan","El Nido","PH175312000",2,12
"Region II","Cagayan","Enrile","PH021512000",3,5
"Region VI","Negros Occidental","Enrique B. Magalona","PH064508000",1,39
"Region VII","Siquijor","Enrique Villanueva","PH076101000",2,1
"Region V","Masbate","Esperanza","PH054109000",1,22
"Region XII","Sultan Kudarat","Esperanza","PH126503000",1,25
"Region XIII","Agusan del Sur","Esperanza","PH160303000",1,17
"Region VI","Iloilo","Estancia","PH063019000",1,34
"Region IV-A","Laguna","Famy","PH043408000",1,7
"Region IV-B","Romblon","Ferrol","PH175916000",2,2
"Cordillera Administrative Region","Apayao","Flora","PH148103000",2,4
"Region III","Pampanga","Floridablanca","PH035406000",3,6
"Region III","Nueva Ecija","Gabaldon","PH034907000",2,14
"Region V","Camarines Sur","Gainza","PH051713000",1,6
"Region I","Ilocos Sur","Galimuyod","PH012909000",2,NA
"Region VIII","Northern Samar","Gamay","PH084807000",1,32
"Region II","Isabela","Gamu","PH023113000",2,3
"Autonomous Region in Muslim Mindanao","Lanao del Sur","Ganassi","PH153609000",1,2
"Region VIII","Samar","Gandara","PH086007000",1,20
"Region V","Camarines Sur","Garchitorena","PH051714000",1,14
"Region VII","Bohol","Garcia Hernandez","PH071222000",2,NA
"Region IV-B","Marinduque","Gasan","PH174003000",2,15
"Region II","Cagayan","Gattaran","PH021513000",3,22
"Region IV-A","Cavite","Gen. Mariano Alvarez","PH042123000",3,57
"Autonomous Region in Muslim Mindanao","Maguindanao","Gen. S.K. Pendatun","PH153819000",1,3
"Region IV-A","Cavite","General Emilio Aguinaldo","PH042107000",3,5
"Region IV-A","Quezon","General Luna","PH045616000",1,19
"Region XIII","Surigao del Norte","General Luna","PH166710000",1,2
"Region VIII","Eastern Samar","General Macarthur","PH082607000",1,8
"Region III","Nueva Ecija","General Mamerto Natividad","PH034909000",3,12
"Region IV-A","Quezon","General Nakar","PH045617000",1,10
"Region XII","South Cotabato","General Santos City","PH126303000",3,653
"Region III","Nueva Ecija","General Tinio","PH034910000",1,19
"Region III","Tarlac","Gerona","PH036906000",3,19
"Region VII","Bohol","Getafe","PH071226000",1,21
"Region XIII","Surigao del Norte","Gigaquit","PH166711000",1,3
"Region V","Catanduanes","Gigmoto","PH052005000",1,3
"Region VII","Cebu","Ginatilan","PH072225000",1,6
"Region X","Misamis Oriental","Gingoog City","PH104308000",1,144
"Region VIII","Eastern Samar","Giporlos","PH082608000",1,1
"Region X","Misamis Oriental","Gitagum","PH104309000",1,3
"Region XII","Sarangani","Glan","PH128002000",1,25
"Region IV-B","Oriental Mindoro","Gloria","PH175206000",2,7
"Region V","Camarines Sur","Goa","PH051715000",1,47
"Region IX","Zamboanga del Norte","Godod","PH097225000",1,3
"Region II","Cagayan","Gonzaga","PH021514000",2,24
"Region XI","Davao Oriental","Governor Generoso","PH112506000",1,25
"Region I","Ilocos Sur","Gregorio del Pilar","PH012910000",2,2
"Region III","Pampanga","Guagua","PH035407000",3,24
"Region V","Sorsogon","Gubat","PH056208000",1,47
"Region III","Bulacan","Guiguinto","PH031408000",2,30
"Region III","Nueva Ecija","Guimba","PH034911000",3,45
"Region VI","Iloilo","Guimbal","PH063020000",2,51
"Region IV-A","Quezon","Guinayangan","PH045618000",1,15
"Region VII","Bohol","Guindulman","PH071223000",1,20
"Autonomous Region in Muslim Mindanao","Maguindanao","Guindulungan","PH153825000",1,NA
"Region V","Albay","Guinobatan","PH050504000",1,22
"Region X","Camiguin","Guinsiliban","PH101802000",1,2
"Region IX","Zamboanga del Sur","Guipos","PH097343000",1,4
"Region VIII","Eastern Samar","Guiuan","PH082609000",1,25
"Region IV-A","Quezon","Gumaca","PH045619000",1,102
"Region IX","Zamboanga del Norte","Gutalac","PH097223000",1,11
"Autonomous Region in Muslim Mindanao","Basilan","Hadji Mohammad Ajul","PH150710000",1,NA
"Autonomous Region in Muslim Mindanao","Basilan","Hadji Muhtamad","PH150712000",1,NA
"Autonomous Region in Muslim Mindanao","Sulu","Hadji Panglima Tahil","PH156606000",1,NA
"Region III","Bulacan","Hagonoy","PH031409000",2,59
"Region XI","Davao del Sur","Hagonoy","PH112404000",1,23
"Region VI","Antique","Hamtic","PH060608000",2,23
"Region III","Bataan","Hermosa","PH030805000",2,7
"Region VIII","Eastern Samar","Hernani","PH082610000",1,NA
"Region VIII","Leyte","Hilongos","PH083719000",1,112
"Region VIII","Samar","Hinabangan","PH086008000",1,7
"Region XIII","Surigao del Sur","Hinatuan","PH166809000",1,24
"Region VIII","Leyte","Hindang","PH083720000",1,4
"Cordillera Administrative Region","Ifugao","Hingyon","PH142709000",2,9
"Region VI","Negros Occidental","Hinigaran","PH064511000",2,55
"Region VI","Negros Occidental","Hinoba-An","PH064512000",2,58
"Region VIII","Southern Leyte","Hinunangan","PH086403000",1,13
"Region VIII","Southern Leyte","Hinundayan","PH086404000",1,13
"Cordillera Administrative Region","Ifugao","Hungduan","PH142702000",2,8
"Region III","Zambales","Iba","PH037105000",2,103
"Region IV-A","Batangas","Ibaan","PH041010000",2,13
"Region VI","Aklan","Ibajay","PH060406000",1,31
"Region VI","Iloilo","Igbaras","PH063021000",2,6
"Region II","Cagayan","Iguig","PH021515000",3,NA
"Region II","Isabela","Ilagan City","PH023114000",2,121
"Region X","Lanao del Norte","Iligan City","PH103504000",1,409
"Region VI","Negros Occidental","Ilog","PH064513000",2,41
"Region VI","Iloilo","Iloilo City","PH063022000",2,700
"Region IX","Zamboanga Sibugay","Imelda","PH098304000",1,10
"Region X","Bukidnon","Impasug-Ong","PH101305000",1,7
"Region IV-A","Cavite","Imus City","PH042109000",3,104
"Region VII","Bohol","Inabanga","PH071224000",1,23
"Autonomous Region in Muslim Mindanao","Sulu","Indanan","PH156601000",1,5
"Region IV-A","Cavite","Indang","PH042110000",2,18
"Region I","Pangasinan","Infanta","PH015520000",2,12
"Region IV-A","Quezon","Infanta","PH045620000",1,71
"Region X","Misamis Oriental","Initao","PH104310000",1,7
"Region VIII","Leyte","Inopacan","PH083721000",1,4
"Region IX","Zamboanga Sibugay","Ipil","PH098305000",1,157
"Region V","Camarines Sur","Iriga City","PH051716000",1,83
"Region V","Sorsogon","Irosin","PH056209000",1,65
"Region VIII","Leyte","Isabel","PH083722000",1,14
"Region VI","Negros Occidental","Isabela","PH064514000",2,43
"Region XI","Davao del Norte","Island Garden City of Samal","PH112317000",1,34
"Region XII","Sultan Kudarat","Isulan","PH126504000",1,86
"Region II","Batanes","Itbayat","PH020902000",1,2
"Cordillera Administrative Region","Benguet","Itogon","PH141106000",2,1
"Region II","Batanes","Ivana","PH020903000",1,NA
"Region VI","Capiz","Ivisan","PH061905000",1,6
"Region XIII","Agusan del Norte","Jabonga","PH160205000",1,5
"Region III","Nueva Ecija","Jaen","PH034912000",3,9
"Region VII","Bohol","Jagna","PH071225000",2,47
"Region IV-A","Rizal","Jala-Jala","PH045807000",2,11
"Region VI","Capiz","Jamindan","PH061906000",1,10
"Region VI","Iloilo","Janiuay","PH063023000",2,31
"Region VIII","Leyte","Jaro","PH083723000",1,20
"Region X","Misamis Oriental","Jasaan","PH104311000",1,30
"Region VIII","Leyte","Javier","PH083724000",1,4
"Region VIII","Samar","Jiabong","PH086009000",1,30
"Region VII","Negros Oriental","Jimalalud","PH074612000",2,19
"Region X","Misamis Occidental","Jimenez","PH104207000",1,9
"Region VIII","Eastern Samar","Jipapad","PH082611000",1,NA
"Autonomous Region in Muslim Mindanao","Sulu","Jolo","PH156602000",1,90
"Region IV-A","Quezon","Jomalig","PH045621000",1,1
"Region II","Isabela","Jones","PH023115000",1,13
"Region VI","Guimaras","Jordan","PH067902000",2,40
"Region XI","Davao Occidental","Jose Abad Santos","PH118602000",1,18
"Region IX","Zamboanga del Norte","Jose Dalman","PH097222000",2,18
"Region V","Camarines Norte","Jose Panganiban","PH051605000",1,53
"Region IX","Zamboanga del Sur","Josefina","PH097337000",1,1
"Region V","Albay","Jovellar","PH050505000",1,NA
"Region V","Sorsogon","Juban","PH056210000",1,12
"Region VIII","Leyte","Julita","PH083725000",1,6
"Region XII","Cotabato","Kabacan","PH124703000",1,110
"Region IX","Zamboanga Sibugay","Kabasalan","PH098306000",1,54
"Cordillera Administrative Region","Benguet","Kabayan","PH141107000",12,3
"Cordillera Administrative Region","Apayao","Kabugao","PH148104000",2,4
"Autonomous Region in Muslim Mindanao","Maguindanao","Kabuntalan","PH153814000",1,1
"Region X","Bukidnon","Kadingilan","PH101306000",1,4
"Region XII","Sultan Kudarat","Kalamansig","PH126505000",1,19
"Region IX","Zamboanga del Norte","Kalawit","PH097227000",1,1
"Region IV-A","Laguna","Kalayaan","PH043409000",1,5
"Region IV-B","Palawan","Kalayaan","PH175321000",NA,NA
"Region VI","Aklan","Kalibo","PH060407000",1,277
"Region X","Bukidnon","Kalilangan","PH101307000",1,17
"Autonomous Region in Muslim Mindanao","Sulu","Kalingalan Caluang","PH156603000",1,NA
"Region VIII","Leyte","Kananga","PH083726000",1,21
"Autonomous Region in Muslim Mindanao","Lanao del Sur","Kapai","PH153610000",1,NA
"Region XI","Davao del Norte","Kapalong","PH112305000",1,32
"Cordillera Administrative Region","Benguet","Kapangan","PH141108000",2,14
"Region X","Lanao del Norte","Kapatagan","PH103505000",1,76
"Autonomous Region in Muslim Mindanao","Lanao del Sur","Kapatagan","PH153639000",1,1
"Region II","Nueva Vizcaya","Kasibu","PH025009000",2,10
"Region IX","Zamboanga del Norte","Katipunan","PH097203000",1,18
"Region X","Lanao del Norte","Kauswagan","PH103507000",1,9
"Region VIII","Biliran","Kawayan","PH087806000",1,12
"Region IV-A","Cavite","Kawit","PH042111000",3,48
"Region II","Nueva Vizcaya","Kayapa","PH025010000",2,9
"Region XII","Sarangani","Kiamba","PH128003000",1,31
"Cordillera Administrative Region","Ifugao","Kiangan","PH142703000",2,13
"Region X","Bukidnon","Kibawe","PH101308000",1,32
"Region XI","Davao del Sur","Kiblawan","PH112406000",1,11
"Cordillera Administrative Region","Benguet","Kibungan","PH141109000",12,15
"Region X","Misamis Oriental","Kinoguitan","PH104312000",1,5
"Region X","Bukidnon","Kitaotao","PH101309000",1,13
"Region XIII","Agusan del Norte","Kitcharao","PH160206000",1,11
"Region X","Lanao del Norte","Kolambugan","PH103508000",1,31
"Region IX","Zamboanga del Sur","Kumalarang","PH097311000",1,22
"Region VI","Negros Occidental","La Carlota City","PH064516000",2,68
"Region VI","Negros Occidental","La Castellana","PH064517000",2,34
"Region VII","Negros Oriental","La Libertad","PH074613000",1,10
"Region IX","Zamboanga del Norte","La Libertad","PH097204000",1,2
"Region III","Tarlac","La Paz","PH036907000",3,17
"Region VIII","Leyte","La Paz","PH083728000",1,4
"Cordillera Administrative Region","Abra","La Paz","PH140108000",2,1
"Region XIII","Agusan del Sur","La Paz","PH160304000",1,10
"Cordillera Administrative Region","Benguet","La Trinidad","PH141110000",2,44
"Region XI","Compostela Valley","Laak","PH118202000",1,18
"Region IX","Zamboanga del Sur","Labangan","PH097312000",1,13
"Region IX","Zamboanga del Norte","Labason","PH097205000",1,31
"Region V","Camarines Norte","Labo","PH051606000",1,69
"Region I","Pangasinan","Labrador","PH015521000",2,6
"Cordillera Administrative Region","Abra","Lacub","PH140109000",2,2
"Cordillera Administrative Region","Abra","Lagangilang","PH140110000",2,3
"Cordillera Administrative Region","Ifugao","Lagawe","PH142704000",2,19
"Cordillera Administrative Region","Abra","Lagayan","PH140111000",2,NA
"Region X","Misamis Oriental","Lagonglong","PH104313000",1,12
"Region V","Camarines Sur","Lagonoy","PH051717000",1,15
"Region X","Misamis Oriental","Laguindingan","PH104314000",1,4
"Region XII","South Cotabato","Lake Sebu","PH126319000",1,13
"Region IX","Zamboanga del Sur","Lakewood","PH097333000",1,12
"Region II","Cagayan","Lal-Lo","PH021516000",2,11
"Region X","Lanao del Norte","Lala","PH103509000",1,61
"Region XII","Sultan Kudarat","Lambayong","PH126508000",1,32
"Region VI","Iloilo","Lambunao","PH063025000",2,76
"Cordillera Administrative Region","Ifugao","Lamut","PH142705000",2,7
"Cordillera Administrative Region","Abra","Langiden","PH140112000",2,NA
"Autonomous Region in Muslim Mindanao","Tawi-Tawi","Languyan","PH157009000",1,1
"Region X","Bukidnon","Lantapan","PH101310000",1,7
"Autonomous Region in Muslim Mindanao","Basilan","Lantawan","PH150703000",1,1
"Region XIII","Surigao del Sur","Lanuza","PH166810000",1,3
"Region I","Pangasinan","Laoac","PH015548000",3,7
"Region I","Ilocos Norte","Laoag City","PH012812000",3,74
"Region VIII","Northern Samar","Laoang","PH084808000",1,87
"Region VIII","Northern Samar","Lapinig","PH084809000",1,3
"Region VII","Cebu","Lapu-Lapu City","PH072226000",2,198
"Region IX","Zamboanga del Sur","Lapuyan","PH097313000",1,13
"Region VII","Siquijor","Larena","PH076102000",2,NA
"Region VIII","Northern Samar","Las Navas","PH084810000",1,36
"Region XIII","Agusan del Norte","Las Nieves","PH160207000",1,12
"Region II","Cagayan","Lasam","PH021517000",3,38
"Region VI","Antique","Laua-An","PH060609000",2,2
"Region III","Nueva Ecija","Laur","PH034913000",2,4
"Region IV-A","Batangas","Laurel","PH041011000",3,9
"Region VIII","Northern Samar","Lavezares","PH084811000",1,17
"Region VIII","Eastern Samar","Lawaan","PH082612000",1,1
"Region VII","Siquijor","Lazi","PH076103000",2,29
"Region XII","Sultan Kudarat","Lebak","PH126506000",1,32
"Region VI","Iloilo","Leganes","PH063026000",2,1
"Region V","Albay","Legazpi City","PH050506000",1,237
"Region IV-A","Batangas","Lemery","PH041012000",3,89
"Region VI","Iloilo","Lemery","PH063027000",1,9
"Region VI","Iloilo","Leon","PH063028000",2,14
"Region VIII","Leyte","Leyte","PH083729000",1,26
"Region VI","Aklan","Lezo","PH060408000",1,2
"Region IV-A","Batangas","Lian","PH041013000",3,2
"Region XIII","Surigao del Sur","Lianga","PH166811000",1,29
"Region VI","Aklan","Libacao","PH060409000",1,13
"Region VIII","Southern Leyte","Libagon","PH086405000",1,7
"Region VI","Antique","Libertad","PH060610000",2,1
"Region X","Misamis Oriental","Libertad","PH104315000",1,1
"Region XIII","Dinagat Islands","Libjo","PH168504000",1,12
"Region V","Camarines Sur","Libmanan","PH051718000",1,49
"Region V","Albay","Libon","PH050507000",1,38
"Region X","Bukidnon","Libona","PH101311000",1,4
"Region XII","Cotabato","Libungan","PH124705000",1,16
"Region III","Nueva Ecija","Licab","PH034914000",3,NA
"Cordillera Administrative Region","Abra","Licuan-Baay","PH140113000",2,1
"Region I","Ilocos Sur","Lidlidda","PH012911000",2,2
"Region VII","Bohol","Lila","PH071227000",2,1
"Region IV-A","Laguna","Liliw","PH043410000",2,5
"Region VII","Cebu","Liloan","PH072227000",3,18
"Region VIII","Southern Leyte","Liloan","PH086406000",1,10
"Region IX","Zamboanga del Norte","Liloy","PH097206000",1,49
"Region VIII","Southern Leyte","Limasawa","PH086419000",1,1
"Region III","Bataan","Limay","PH030806000",2,19
"Region X","Lanao del Norte","Linamon","PH103510000",1,6
"Region IV-B","Palawan","Linapacan","PH175313000",2,9
"Region I","Pangasinan","Lingayen","PH015522000",2,40
"Region XIII","Surigao del Sur","Lingig","PH166812000",1,39
"Region IV-A","Batangas","Lipa City","PH041014000",2,126
"Region III","Nueva Ecija","Llanera","PH034915000",3,22
"Region VIII","Eastern Samar","Llorente","PH082613000",1,5
"Region VII","Bohol","Loay","PH071228000",1,4
"Region IV-A","Batangas","Lobo","PH041015000",2,1
"Region VII","Bohol","Loboc","PH071229000",1,1
"Region IV-B","Occidental Mindoro","Looc","PH175103000",3,3
"Region IV-B","Romblon","Looc","PH175907000",2,21
"Region VII","Bohol","Loon","PH071230000",1,27
"Region VIII","Northern Samar","Lope de Vega","PH084824000",1,8
"Region IV-A","Quezon","Lopez","PH045622000",1,133
"Region X","Misamis Occidental","Lopez Jaena","PH104208000",1,7
"Region XIII","Agusan del Sur","Loreto","PH160305000",1,4
"Region XIII","Dinagat Islands","Loreto","PH168505000",1,9
"Region IV-A","Laguna","Los Baños","PH043411000",2,38
"Cordillera Administrative Region","Abra","Luba","PH140114000",2,5
"Region IV-B","Occidental Mindoro","Lubang","PH175104000",3,10
"Region III","Pampanga","Lubao","PH035408000",2,25
"Cordillera Administrative Region","Kalinga","Lubuagan","PH143206000",2,3
"Region IV-A","Quezon","Lucban","PH045623000",2,15
"Region IV-A","Quezon","Lucena City","PH045624000",2,412
"Region X","Misamis Oriental","Lugait","PH104316000",1,9
"Autonomous Region in Muslim Mindanao","Sulu","Lugus","PH156617000",1,NA
"Region IV-A","Laguna","Luisiana","PH043412000",2,4
"Autonomous Region in Muslim Mindanao","Lanao del Sur","Lumba-Bayabao","PH153611000",1,3
"Autonomous Region in Muslim Mindanao","Lanao del Sur","Lumbaca-Unayan","PH153641000",1,NA
"Region IV-A","Laguna","Lumban","PH043413000",2,3
"Autonomous Region in Muslim Mindanao","Lanao del Sur","Lumbatan","PH153612000",1,NA
"Autonomous Region in Muslim Mindanao","Lanao del Sur","Lumbayanague","PH153636000",1,3
"Region I","La Union","Luna","PH013310000",3,7
"Region II","Isabela","Luna","PH023116000",2,3
"Cordillera Administrative Region","Apayao","Luna","PH148105000",2,32
"Region III","Nueva Ecija","Lupao","PH034916000",3,6
"Region V","Camarines Sur","Lupi","PH051719000",1,9
"Region XI","Davao Oriental","Lupon","PH112507000",1,42
"Region XII","Sultan Kudarat","Lutayan","PH126507000",1,12
"Autonomous Region in Muslim Mindanao","Sulu","Luuk","PH156604000",1,NA
"Region XII","Cotabato","M'Lang","PH124710000",1,45
"Region VI","Capiz","Ma-Ayon","PH061907000",1,5
"Region XII","Sarangani","Maasim","PH128004000",1,28
"Region VI","Iloilo","Maasin","PH063029000",2,18
"Region III","Pampanga","Mabalacat City","PH035409000",2,81
"Region VII","Negros Oriental","Mabinay","PH074614000",2,61
"Region I","Pangasinan","Mabini","PH015523000",2,19
"Region IV-A","Batangas","Mabini","PH041016000",3,13
"Region VII","Bohol","Mabini","PH071231000",1,4
"Region XI","Compostela Valley","Mabini","PH118203000",1,9
"Region IV-A","Laguna","Mabitac","PH043414000",2,2
"Region IX","Zamboanga Sibugay","Mabuhay","PH098307000",1,3
"Region III","Pampanga","Macabebe","PH035410000",3,16
"Region IV-A","Quezon","Macalelon","PH045625000",1,7
"Region VIII","Leyte","Macarthur","PH083730000",1,4
"Region XI","Compostela Valley","Maco","PH118204000",1,24
"Region II","Isabela","Maconacon","PH023117000",1,NA
"Region VIII","Southern Leyte","Macrohon","PH086408000",1,5
"Region VI","Aklan","Madalag","PH060410000",1,11
"Autonomous Region in Muslim Mindanao","Lanao del Sur","Madalum","PH153613000",1,1
"Autonomous Region in Muslim Mindanao","Lanao del Sur","Madamba","PH153614000",1,NA
"Region II","Quirino","Maddela","PH025704000",1,11
"Region XIII","Surigao del Sur","Madrid","PH166813000",1,16
"Region VII","Cebu","Madridejos","PH072228000",2,16
"Region III","Pampanga","Magalang","PH035411000",2,25
"Region IV-A","Cavite","Magallanes","PH042112000",3,5
"Region V","Sorsogon","Magallanes","PH056211000",1,34
"Region XIII","Agusan del Norte","Magallanes","PH160208000",1,4
"Region V","Camarines Sur","Magarao","PH051720000",1,8
"Region IV-A","Laguna","Magdalena","PH043415000",2,2
"Region IV-B","Romblon","Magdiwang","PH175908000",2,5
"Region XII","Cotabato","Magpet","PH124706000",1,11
"Region X","Lanao del Norte","Magsaysay","PH103511000",1,2
"Region X","Misamis Oriental","Magsaysay","PH104317000",1,6
"Region XI","Davao del Sur","Magsaysay","PH112407000",1,13
"Region IV-B","Occidental Mindoro","Magsaysay","PH175105000",2,26
"Region IV-B","Palawan","Magsaysay","PH175314000",2,3
"Region I","Ilocos Sur","Magsingal","PH012912000",3,18
"Autonomous Region in Muslim Mindanao","Lanao del Sur","Maguing","PH153634000",1,NA
"Region VIII","Leyte","Mahaplag","PH083731000",1,20
"Region II","Batanes","Mahatao","PH020904000",1,NA
"Region IX","Zamboanga del Sur","Mahayag","PH097315000",1,28
"Region X","Camiguin","Mahinog","PH101803000",1,1
"Region X","Lanao del Norte","Maigo","PH103512000",1,12
"Autonomous Region in Muslim Mindanao","Sulu","Maimbung","PH156605000",1,NA
"Region XIII","Surigao del Norte","Mainit","PH166714000",1,9
"Region XII","Sarangani","Maitum","PH128005000",1,11
"Region IV-A","Laguna","Majayjay","PH043416000",2,5
"Region VI","Aklan","Makato","PH060411000",1,14
"Region XII","Cotabato","Makilala","PH124707000",1,20
"Autonomous Region in Muslim Mindanao","Lanao del Sur","Malabang","PH153615000",1,3
"Region VII","Cebu","Malabuyoc","PH072229000",1,21
"Region XI","Davao del Sur","Malalag","PH112408000",1,23
"Region IX","Zamboanga Sibugay","Malangas","PH098308000",1,17
"Region XII","Sarangani","Malapatan","PH128006000",1,54
"Region I","Pangasinan","Malasiqui","PH015524000",3,38
"Region VI","Aklan","Malay","PH060412000",1,28
"Cordillera Administrative Region","Abra","Malibcong","PH140115000",2,2
"Region V","Albay","Malilipot","PH050509000",1,17
"Region XIII","Surigao del Norte","Malimono","PH166715000",1,1
"Region V","Albay","Malinao","PH050510000",1,6
"Region VI","Aklan","Malinao","PH060413000",1,4
"Region XI","Davao Occidental","Malita","PH118603000",1,52
"Region VIII","Southern Leyte","Malitbog","PH086409000",1,6
"Region X","Bukidnon","Malitbog","PH101313000",1,18
"Region II","Isabela","Mallig","PH023119000",2,11
"Region XII","Sarangani","Malungon","PH128007000",1,29
"Autonomous Region in Muslim Mindanao","Basilan","Maluso","PH150704000",1,4
"Region IV-A","Batangas","Malvar","PH041017000",2,7
"Autonomous Region in Muslim Mindanao","Maguindanao","Mamasapano","PH153820000",1,3
"Region X","Camiguin","Mambajao","PH101804000",1,37
"Region IV-B","Occidental Mindoro","Mamburao","PH175106000",2,117
"Region VI","Capiz","Mambusao","PH061908000",1,44
"Cordillera Administrative Region","Abra","Manabo","PH140116000",2,5
"Region I","Pangasinan","Manaoag","PH015525000",3,25
"Region VI","Negros Occidental","Manapla","PH064518000",1,37
"Region XI","Davao Oriental","Manay","PH112508000",1,20
"Region V","Masbate","Mandaon","PH054110000",1,19
"Region VII","Cebu","Mandaue City","PH072230000",2,223
"Region I","Pangasinan","Mangaldan","PH015526000",2,59
"Region I","Pangasinan","Mangatarem","PH015527000",3,87
"Autonomous Region in Muslim Mindanao","Maguindanao","Mangudadatu","PH153832000",1,2
"Region V","Albay","Manito","PH050511000",1,3
"Region VII","Negros Oriental","Manjuyod","PH074615000",2,27
"Cordillera Administrative Region","Benguet","Mankayan","PH141111000",12,5
"Region X","Bukidnon","Manolo Fortich","PH101314000",1,51
"Region IV-B","Oriental Mindoro","Mansalay","PH175207000",2,8
"Region X","Misamis Oriental","Manticao","PH104318000",1,14
"Region IX","Zamboanga del Norte","Manukan","PH097207000",1,84
"Region VIII","Northern Samar","Mapanas","PH084812000",1,8
"Region I","Pangasinan","Mapandan","PH015528000",2,16
"Autonomous Region in Muslim Mindanao","Tawi-Tawi","Mapun","PH157003000",1,NA
"Region VIII","Samar","Marabut","PH086010000",1,4
"Region IV-A","Cavite","Maragondon","PH042113000",3,12
"Region XI","Compostela Valley","Maragusan","PH118205000",1,23
"Region X","Bukidnon","Maramag","PH101315000",1,173
"Autonomous Region in Muslim Mindanao","Lanao del Sur","Marantao","PH153616000",1,1
"Autonomous Region in Muslim Mindanao","Lanao del Sur","Marawi City","PH153617000",1,46
"Region I","Ilocos Norte","Marcos","PH012813000",3,13
"Region IX","Zamboanga del Sur","Margosatubig","PH097317000",1,84
"Region VII","Siquijor","Maria","PH076104000",2,1
"Region III","Aurora","Maria Aurora","PH037707000",1,13
"Region VII","Bohol","Maribojoc","PH071232000",1,5
"Region XIII","Surigao del Sur","Marihatag","PH166814000",1,11
"Region III","Bulacan","Marilao","PH031411000",2,45
"Region VIII","Biliran","Maripipi","PH087807000",1,6
"Region III","Bataan","Mariveles","PH030807000",2,67
"Autonomous Region in Muslim Mindanao","Lanao del Sur","Marogong","PH153631000",1,1
"Region III","Pampanga","Masantol","PH035412000",3,7
"Region III","Zambales","Masinloc","PH037106000",2,6
"Autonomous Region in Muslim Mindanao","Lanao del Sur","Masiu","PH153618000",1,NA
"Region VIII","Eastern Samar","Maslog","PH082614000",1,6
"Region IV-A","Batangas","Mataasnakahoy","PH041018000",2,1
"Region VIII","Leyte","Matag-Ob","PH083733000",1,7
"Region XII","Cotabato","Matalam","PH124708000",1,39
"Region VIII","Leyte","Matalom","PH083734000",1,9
"Region XI","Davao del Sur","Matanao","PH112410000",1,13
"Autonomous Region in Muslim Mindanao","Maguindanao","Matanog","PH153809000",1,2
"Region V","Sorsogon","Matnog","PH056212000",1,24
"Region VIII","Samar","Matuguinao","PH086011000",1,2
"Region X","Lanao del Norte","Matungao","PH103513000",1,2
"Region IV-A","Quezon","Mauban","PH045627000",1,38
"Region XI","Compostela Valley","Mawab","PH118206000",1,9
"Region III","Tarlac","Mayantoc","PH036908000",3,4
"Region VIII","Eastern Samar","Maydolong","PH082615000",1,5
"Region VIII","Leyte","Mayorga","PH083735000",1,2
"Cordillera Administrative Region","Ifugao","Mayoyao","PH142706000",2,7
"Region VII","Cebu","Medellin","PH072231000",2,29
"Region X","Misamis Oriental","Medina","PH104319000",1,5
"Region IV-A","Cavite","Mendez","PH042114000",2,6
"Region V","Camarines Norte","Mercedes","PH051607000",1,21
"Region VIII","Eastern Samar","Mercedes","PH082616000",1,NA
"Region VIII","Leyte","Merida","PH083736000",1,4
"Region III","Pampanga","Mexico","PH035413000",3,10
"Region VI","Iloilo","Miagao","PH063030000",2,16
"Region IX","Zamboanga del Sur","Midsalip","PH097318000",1,12
"Region XII","Cotabato","Midsayap","PH124709000",1,46
"Region V","Masbate","Milagros","PH054112000",1,58
"Region V","Camarines Sur","Milaor","PH051721000",1,6
"Region VI","Iloilo","Mina","PH063031000",2,6
"Region V","Camarines Sur","Minalabac","PH051722000",1,12
"Region III","Pampanga","Minalin","PH035414000",3,3
"Region VII","Cebu","Minglanilla","PH072232000",1,84
"Region VII","Cebu","Moalboal","PH072233000",1,6
"Region V","Masbate","Mobo","PH054113000",1,44
"Region IV-B","Marinduque","Mogpog","PH174004000",2,10
"Region VI","Negros Occidental","Moises Padilla","PH064519000",2,43
"Region IX","Zamboanga del Sur","Molave","PH097319000",1,38
"Region III","Tarlac","Moncada","PH036909000",3,33
"Region VIII","Northern Samar","Mondragon","PH084813000",1,49
"Region XI","Compostela Valley","Monkayo","PH118207000",1,45
"Region V","Masbate","Monreal","PH054114000",1,11
"Region XI","Compostela Valley","Montevista","PH118208000",1,27
"Region III","Bataan","Morong","PH030808000",2,16
"Region IV-A","Rizal","Morong","PH045809000",2,144
"Region VIII","Samar","Motiong","PH086012000",1,11
"Region IV-A","Quezon","Mulanay","PH045628000",2,25
"Autonomous Region in Muslim Mindanao","Lanao del Sur","Mulondo","PH153619000",1,1
"Region X","Lanao del Norte","Munai","PH103514000",1,2
"Region VI","Negros Occidental","Murcia","PH064520000",2,110
"Region IX","Zamboanga del Norte","Mutia","PH097208000",1,3
"Region X","Misamis Oriental","Naawan","PH104320000",1,NA
"Region VI","Aklan","Nabas","PH060414000",1,27
"Region V","Camarines Sur","Nabua","PH051723000",1,37
"Region XI","Compostela Valley","Nabunturan","PH118209000",1,35
"Region IX","Zamboanga Sibugay","Naga","PH098309000",1,31
"Region V","Camarines Sur","Naga City","PH051724000",1,617
"Region I","Ilocos Sur","Nagbukel","PH012913000",3,1
"Region IV-A","Laguna","Nagcarlan","PH043417000",2,27
"Region II","Quirino","Nagtipunan","PH025706000",1,8
"Region I","La Union","Naguilian","PH013311000",3,16
"Region II","Isabela","Naguilian","PH023120000",2,9
"Region IV-A","Cavite","Naic","PH042115000",3,70
"Region III","Nueva Ecija","Nampicuan","PH034918000",3,13
"Region IV-B","Palawan","Narra","PH175315000",3,35
"Region I","Ilocos Sur","Narvacan","PH012914000",3,20
"Region XIII","Agusan del Norte","Nasipit","PH160209000",1,17
"Region IV-A","Batangas","Nasugbu","PH041019000",3,118
"Region I","Pangasinan","Natividad","PH015529000",3,4
"Cordillera Administrative Region","Mountain Province","Natonin","PH144405000",2,4
"Region IV-B","Oriental Mindoro","Naujan","PH175208000",2,15
"Region VIII","Biliran","Naval","PH087808000",1,196
"Region XI","Compostela Valley","New Bataan","PH118210000",1,10
"Region XI","Davao del Norte","New Corella","PH112314000",1,26
"Region VI","Iloilo","New Lucena","PH063032000",2,11
"Region VI","Aklan","New Washington","PH060415000",1,9
"Region XII","South Cotabato","Norala","PH126311000",1,19
"Autonomous Region in Muslim Mindanao","Maguindanao","Northern Kabuntalan","PH153834000",1,1
"Region III","Bulacan","Norzagaray","PH031413000",2,53
"Region IV-A","Cavite","Noveleta","PH042116000",3,16
"Region I","Ilocos Norte","Nueva Era","PH012814000",2,6
"Region VI","Guimaras","Nueva Valencia","PH067903000",2,11
"Region VI","Aklan","Numancia","PH060416000",1,6
"Region X","Lanao del Norte","Nunungan","PH103515000",1,NA
"Region V","Albay","Oas","PH050512000",1,28
"Region III","Bulacan","Obando","PH031414000",2,7
"Region V","Camarines Sur","Ocampo","PH051725000",1,28
"Region IV-B","Romblon","Odiongan","PH175909000",2,54
"Autonomous Region in Muslim Mindanao","Sulu","Old Panamao","PH156607000",1,NA
"Region III","Zambales","Olongapo City","PH037107000",2,194
"Region IX","Zamboanga Sibugay","Olutanga","PH098310000",1,22
"Autonomous Region in Muslim Mindanao","Sulu","Omar","PH156619000",1,NA
"Region X","Misamis Oriental","Opol","PH104321000",1,7
"Region III","Bataan","Orani","PH030809000",2,40
"Region VIII","Eastern Samar","Oras","PH082617000",1,15
"Region III","Bataan","Orion","PH030810000",2,12
"Region VIII","Leyte","Ormoc City","PH083738000",1,224
"Region X","Misamis Occidental","Oroquieta City","PH104209000",1,110
"Region VII","Cebu","Oslob","PH072235000",1,23
"Region VI","Iloilo","Oton","PH063034000",2,26
"Region X","Misamis Occidental","Ozamis City","PH104210000",1,363
"Region XI","Davao del Sur","Padada","PH112411000",1,8
"Region IV-A","Quezon","Padre Burgos","PH045629000",1,2
"Region VIII","Southern Leyte","Padre Burgos","PH086410000",1,NA
"Region IV-A","Batangas","Padre Garcia","PH041020000",2,6
"Region IV-A","Laguna","Paete","PH043418000",1,18
"Region IX","Zamboanga del Sur","Pagadian City","PH097322000",1,281
"Autonomous Region in Muslim Mindanao","Maguindanao","Pagagawan","PH153822000",1,4
"Autonomous Region in Muslim Mindanao","Maguindanao","Pagalungan","PH153810000",1,14
"Autonomous Region in Muslim Mindanao","Lanao del Sur","Pagayawan","PH153620000",1,NA
"Region IV-A","Quezon","Pagbilao","PH045630000",2,19
"Autonomous Region in Muslim Mindanao","Maguindanao","Paglat","PH153823000",1,5
"Region VIII","Samar","Pagsanghan","PH086026000",1,4
"Region IV-A","Laguna","Pagsanjan","PH043419000",2,24
"Region I","Ilocos Norte","Pagudpud","PH012815000",2,9
"Region IV-A","Laguna","Pakil","PH043420000",2,36
"Region II","Isabela","Palanan","PH023121000",1,5
"Region V","Masbate","Palanas","PH054115000",1,10
"Region VIII","Northern Samar","Palapag","PH084814000",1,155
"Region III","Zambales","Palauig","PH037108000",2,10
"Region III","Nueva Ecija","Palayan City","PH034919000",3,6
"Region XII","Sultan Kudarat","Palimbang","PH126509000",1,4
"Region VIII","Leyte","Palo","PH083739000",1,61
"Region VIII","Leyte","Palompon","PH083740000",1,56
"Region IV-B","Occidental Mindoro","Paluan","PH175107000",2,5
"Region VIII","Northern Samar","Pambujan","PH084815000",1,34
"Region II","Cagayan","Pamplona","PH021518000",2,12
"Region V","Camarines Sur","Pamplona","PH051726000",1,18
"Region VII","Negros Oriental","Pamplona","PH074616000",2,18
"Region X","Misamis Occidental","Panaon","PH104211000",1,5
"Region VI","Capiz","Panay","PH061909000",1,9
"Autonomous Region in Muslim Mindanao","Maguindanao","Pandag","PH153833000",1,5
"Autonomous Region in Muslim Mindanao","Sulu","Pandami","PH156618000",1,NA
"Region V","Catanduanes","Pandan","PH052006000",1,58
"Region VI","Antique","Pandan","PH060611000",1,24
"Region III","Bulacan","Pandi","PH031415000",2,19
"Region V","Catanduanes","Panganiban","PH052007000",1,2
"Region X","Bukidnon","Pangantucan","PH101316000",1,21
"Region IV-A","Laguna","Pangil","PH043421000",1,11
"Region VII","Bohol","Panglao","PH071233000",1,12
"Autonomous Region in Muslim Mindanao","Sulu","Panglima Estino","PH156616000",1,1
"Autonomous Region in Muslim Mindanao","Tawi-Tawi","Panglima Sugala","PH157001000",1,4
"Autonomous Region in Muslim Mindanao","Sulu","Pangutaran","PH156608000",1,6
"Region III","Tarlac","Paniqui","PH036910000",3,95
"Region VI","Capiz","Panitan","PH061910000",1,4
"Region III","Nueva Ecija","Pantabangan","PH034920000",2,4
"Region X","Lanao del Norte","Pantao Ragat","PH103516000",1,3
"Region X","Lanao del Norte","Pantar","PH103523000",1,9
"Region XI","Compostela Valley","Pantukan","PH118211000",1,20
"Region IV-A","Quezon","Panukulan","PH045631000",1,9
"Region I","Ilocos Norte","Paoay","PH012816000",3,NA
"Region III","Bulacan","Paombong","PH031416000",2,8
"Region V","Camarines Norte","Paracale","PH051608000",1,40
"Cordillera Administrative Region","Mountain Province","Paracelis","PH144406000",2,6
"Region VIII","Samar","Paranas","PH086022000",1,19
"Autonomous Region in Muslim Mindanao","Maguindanao","Parang","PH153811000",1,11
"Autonomous Region in Muslim Mindanao","Sulu","Parang","PH156609000",1,1
"Region V","Camarines Sur","Pasacao","PH051727000",1,12
"National Capital Region","NCR, Fourth District","Pasay City","PH137605000",3,236
"Cordillera Administrative Region","Kalinga","Pasil","PH143208000",2,2
"Region VIII","Leyte","Pastrana","PH083741000",1,12
"Region I","Ilocos Norte","Pasuquin","PH012817000",3,3
"Autonomous Region in Muslim Mindanao","Sulu","Pata","PH156610000",1,NA
"National Capital Region","NCR, Fourth District","Pateros","PH137606000",3,9
"Autonomous Region in Muslim Mindanao","Sulu","Patikul","PH156611000",1,3
"Region IV-A","Quezon","Patnanungan","PH045632000",1,9
"Region VI","Antique","Patnongon","PH060612000",2,5
"Region VI","Iloilo","Pavia","PH063036000",2,4
"Region IX","Zamboanga Sibugay","Payao","PH098311000",1,8
"Region II","Cagayan","Peñablanca","PH021519000",3,13
"Region III","Nueva Ecija","Peñaranda","PH034921000",3,5
"Cordillera Administrative Region","Abra","Peñarrubia","PH140117000",2,3
"Region IV-A","Quezon","Perez","PH045633000",1,11
"Autonomous Region in Muslim Mindanao","Lanao del Sur","Piagapo","PH153621000",1,NA
"Region II","Cagayan","Piat","PH021520000",3,11
"Autonomous Region in Muslim Mindanao","Lanao del Sur","Picong","PH153635000",1,NA
"Region I","Ilocos Norte","Piddig","PH012818000",3,12
"Cordillera Administrative Region","Abra","Pidigan","PH140118000",2,2
"Region XII","Cotabato","Pigkawayan","PH124711000",1,23
"Region XII","Cotabato","Pikit","PH124712000",1,37
"Region IV-A","Laguna","Pila","PH043422000",2,11
"Region III","Bataan","Pilar","PH030811000",2,4
"Region V","Sorsogon","Pilar","PH056213000",1,13
"Region VI","Capiz","Pilar","PH061911000",1,27
"Region VII","Bohol","Pilar","PH071234000",1,11
"Region VII","Cebu","Pilar","PH072236000",1,10
"Cordillera Administrative Region","Abra","Pilar","PH140119000",3,NA
"Region XIII","Surigao del Norte","Pilar","PH166716000",1,6
"Region V","Camarines Sur","Pili","PH051728000",1,34
"Region IV-A","Rizal","Pililla","PH045810000",2,40
"Region VIII","Samar","Pinabacdao","PH086013000",1,24
"Region IV-B","Oriental Mindoro","Pinamalayan","PH175209000",2,47
"Region VII","Cebu","Pinamungahan","PH072237000",1,16
"Region IX","Zamboanga del Norte","Piñan","PH097209000",1,15
"Region I","Ilocos Norte","Pinili","PH012819000",2,15
"Region VIII","Southern Leyte","Pintuyan","PH086411000",1,10
"Cordillera Administrative Region","Kalinga","Pinukpuk","PH143209000",2,2
"Region V","Albay","Pio Duran","PH050513000",1,32
"Region V","Masbate","Pio V. Corpuz","PH054116000",1,3
"Region IV-A","Quezon","Pitogo","PH045634000",1,3
"Region IX","Zamboanga del Sur","Pitogo","PH097338000",1,6
"Region V","Masbate","Placer","PH054117000",1,37
"Region XIII","Surigao del Norte","Placer","PH166717000",1,13
"Region III","Bulacan","Plaridel","PH031417000",2,8
"Region IV-A","Quezon","Plaridel","PH045635000",1,2
"Region X","Misamis Occidental","Plaridel","PH104212000",1,11
"Region IV-B","Oriental Mindoro","Pola","PH175210000",2,9
"Region IX","Zamboanga del Norte","Polanco","PH097210000",1,14
"Region V","Albay","Polangui","PH050514000",1,42
"Region IV-A","Quezon","Polillo","PH045636000",1,27
"Region XII","South Cotabato","Polomolok","PH126312000",3,30
"Region VI","Capiz","Pontevedra","PH061912000",1,47
"Region VI","Negros Occidental","Pontevedra","PH064521000",2,22
"Autonomous Region in Muslim Mindanao","Lanao del Sur","Poona Bayabao","PH153622000",1,NA
"Region X","Lanao del Norte","Poona Piagapo","PH103517000",1,1
"Region III","Pampanga","Porac","PH035415000",3,30
"Region VII","Cebu","Poro","PH072238000",1,12
"Region VI","Iloilo","Pototan","PH063037000",2,94
"Region I","Pangasinan","Pozorrubio","PH015530000",3,31
"Region VII","Bohol","Pres. Carlos P. Garcia","PH071235000",1,10
"Region IX","Zamboanga del Norte","Pres. Manuel A. Roxas","PH097211000",1,22
"Region V","Camarines Sur","Presentacion","PH051729000",1,9
"Region XII","Sultan Kudarat","President Quirino","PH126510000",1,8
"Region VI","Capiz","President Roxas","PH061913000",1,6
"Region XII","Cotabato","President Roxas","PH124713000",1,8
"Region V","Sorsogon","Prieto Diaz","PH056214000",1,11
"Region XIII","Agusan del Sur","Prosperidad","PH160306000",1,65
"Autonomous Region in Muslim Mindanao","Lanao del Sur","Pualas","PH153623000",1,1
"Cordillera Administrative Region","Apayao","Pudtol","PH148106000",2,13
"Region IV-B","Oriental Mindoro","Puerto Galera","PH175211000",2,9
"Region IV-B","Palawan","Puerto Princesa City","PH175316000",3,213
"Region I","La Union","Pugo","PH013312000",3,11
"Region III","Bulacan","Pulilan","PH031418000",2,31
"Region VI","Negros Occidental","Pulupandan","PH064522000",2,15
"Region III","Tarlac","Pura","PH036911000",3,4
"Region II","Isabela","Quezon","PH023122000",2,15
"Region II","Nueva Vizcaya","Quezon","PH025011000",2,5
"Region III","Nueva Ecija","Quezon","PH034922000",3,13
"Region IV-A","Quezon","Quezon","PH045637000",1,5
"Region X","Bukidnon","Quezon","PH101317000",1,100
"Region IV-B","Palawan","Quezon","PH175317000",3,31
"National Capital Region","NCR, Second District","Quezon City","PH137404000",3,1764
"Region VIII","Eastern Samar","Quinapondan","PH082618000",1,3
"Region I","Ilocos Sur","Quirino","PH012915000",2,3
"Region II","Isabela","Quirino","PH023123000",2,6
"Region V","Camarines Sur","Ragay","PH051730000",1,45
"Autonomous Region in Muslim Mindanao","Maguindanao","Rajah Buayan","PH153829000",1,2
"Region II","Isabela","Ramon","PH023124000",2,26
"Region IX","Zamboanga del Sur","Ramon Magsaysay","PH097323000",1,17
"Region III","Tarlac","Ramos","PH036912000",3,8
"Region V","Albay","Rapu-Rapu","PH050515000",1,21
"Region IV-A","Quezon","Real","PH045638000",1,10
"Region II","Isabela","Reina Mercedes","PH023125000",2,5
"Region XIII","Agusan del Norte","Remedios T. Romualdez","PH160212000",1,7
"Region II","Cagayan","Rizal","PH021521000",2,6
"Region III","Nueva Ecija","Rizal","PH034923000",2,4
"Region IV-A","Laguna","Rizal","PH043423000",2,3
"Region IX","Zamboanga del Norte","Rizal","PH097212000",1,8
"Cordillera Administrative Region","Kalinga","Rizal","PH143211000",2,8
"Region IV-B","Occidental Mindoro","Rizal","PH175108000",2,15
"Region IV-B","Palawan","Rizal","PH175323000",3,10
"Region IV-A","Rizal","Rodriguez","PH045808000",2,160
"Region IV-B","Romblon","Romblon","PH175910000",2,30
"Region VII","Cebu","Ronda","PH072239000",1,5
"Region I","Pangasinan","Rosales","PH015531000",3,46
"Region I","La Union","Rosario","PH013313000",2,15
"Region IV-A","Batangas","Rosario","PH041021000",2,35
"Region IV-A","Cavite","Rosario","PH042117000",3,88
"Region VIII","Northern Samar","Rosario","PH084816000",1,10
"Region XIII","Agusan del Sur","Rosario","PH160307000",1,16
"Region IX","Zamboanga Sibugay","Roseller Lim","PH098312000",1,19
"Region II","Isabela","Roxas","PH023126000",2,56
"Region IV-B","Oriental Mindoro","Roxas","PH175212000",2,33
"Region IV-B","Palawan","Roxas","PH175318000",3,45
"Region VI","Capiz","Roxas City","PH061914000",1,185
"Cordillera Administrative Region","Mountain Province","Sabangan","PH144407000",12,4
"Cordillera Administrative Region","Benguet","Sablan","PH141112000",2,2
"Region IV-B","Occidental Mindoro","Sablayan","PH175109000",2,47
"Region II","Batanes","Sabtang","PH020905000",1,NA
"Cordillera Administrative Region","Mountain Province","Sadanga","PH144408000",2,6
"Cordillera Administrative Region","Mountain Province","Sagada","PH144409000",12,14
"Region X","Camiguin","Sagay","PH101805000",1,1
"Region VI","Negros Occidental","Sagay City","PH064523000",1,122
"Region VII","Bohol","Sagbayan","PH071236000",1,12
"Region V","Camarines Sur","Sagñay","PH051731000",1,19
"Region II","Quirino","Saguday","PH025705000",2,4
"Autonomous Region in Muslim Mindanao","Lanao del Sur","Saguiaran","PH153625000",1,NA
"Region VIII","Southern Leyte","Saint Bernard","PH086412000",1,1
"Region X","Misamis Oriental","Salay","PH104322000",1,22
"Region I","Ilocos Sur","Salcedo","PH012916000",2,5
"Region VIII","Eastern Samar","Salcedo","PH082619000",1,18
"Cordillera Administrative Region","Abra","Sallapadan","PH140120000",2,NA
"Region IX","Zamboanga del Norte","Salug","PH097213000",1,8
"Region X","Lanao del Norte","Salvador","PH103518000",1,3
"Region VI","Negros Occidental","Salvador Benedicto","PH064532000",1,6
"Region III","Bataan","Samal","PH030812000",2,4
"Region VII","Cebu","Samboan","PH072240000",1,2
"Region IV-A","Quezon","Sampaloc","PH045639000",1,3
"Region II","Isabela","San Agustin","PH023127000",1,5
"Region XIII","Surigao del Sur","San Agustin","PH166815000",1,10
"Region IV-B","Romblon","San Agustin","PH175911000",2,19
"Region IV-A","Quezon","San Andres","PH045640000",2,27
"Region V","Catanduanes","San Andres","PH052008000",1,16
"Region IV-B","Romblon","San Andres","PH175912000",2,6
"Region III","Nueva Ecija","San Antonio","PH034924000",3,13
"Region III","Zambales","San Antonio","PH037109000",2,2
"Region IV-A","Quezon","San Antonio","PH045641000",2,9
"Region VIII","Northern Samar","San Antonio","PH084817000",1,11
"Region XIII","Surigao del Norte","San Benito","PH166718000",1,4
"Region I","Pangasinan","San Carlos City","PH015532000",2,336
"Region VI","Negros Occidental","San Carlos City","PH064524000",1,175
"Region III","Tarlac","San Clemente","PH036913000",3,6
"Region VI","Iloilo","San Dionisio","PH063038000",1,14
"Region I","Ilocos Sur","San Emilio","PH012917000",2,NA
"Region VI","Iloilo","San Enrique","PH063039000",2,16
"Region VI","Negros Occidental","San Enrique","PH064525000",2,11
"Region I","Ilocos Sur","San Esteban","PH012918000",3,NA
"Region I","Pangasinan","San Fabian","PH015533000",2,80
"Region III","Zambales","San Felipe","PH037110000",2,5
"Region V","Camarines Sur","San Fernando","PH051732000",1,4
"Region V","Masbate","San Fernando","PH054118000",1,21
"Region VII","Cebu","San Fernando","PH072241000",1,16
"Region X","Bukidnon","San Fernando","PH101318000",1,22
"Region IV-B","Romblon","San Fernando","PH175913000",1,69
"Region IV-A","Quezon","San Francisco","PH045642000",2,43
"Region VII","Cebu","San Francisco","PH072242000",1,32
"Region VIII","Southern Leyte","San Francisco","PH086413000",1,5
"Region XIII","Agusan del Sur","San Francisco","PH160308000",1,14
"Region XIII","Surigao del Norte","San Francisco","PH166719000",1,3
"Region I","La Union","San Gabriel","PH013315000",3,4
"Region II","Isabela","San Guillermo","PH023128000",1,1
"Region I","Ilocos Sur","San Ildefonso","PH012919000",3,2
"Region III","Bulacan","San Ildefonso","PH031419000",2,43
"Region II","Isabela","San Isidro","PH023129000",2,5
"Region III","Nueva Ecija","San Isidro","PH034925000",3,5
"Region VII","Bohol","San Isidro","PH071237000",1,3
"Region VIII","Leyte","San Isidro","PH083742000",1,12
"Region VIII","Northern Samar","San Isidro","PH084818000",1,36
"Region XI","Davao del Norte","San Isidro","PH112324000",1,8
"Region XI","Davao Oriental","San Isidro","PH112510000",1,4
"Cordillera Administrative Region","Abra","San Isidro","PH140121000",2,1
"Region XIII","Surigao del Norte","San Isidro","PH166720000",1,2
"Region I","Pangasinan","San Jacinto","PH015534000",2,18
"Region V","Masbate","San Jacinto","PH054119000",1,26
"Region VI","Iloilo","San Joaquin","PH063040000",2,32
"Region VIII","Samar","San Jorge","PH086025000",1,14
"Region III","Tarlac","San Jose","PH036918000",3,8
"Region IV-A","Batangas","San Jose","PH041022000",3,14
"Region V","Camarines Sur","San Jose","PH051733000",1,16
"Region VI","Antique","San Jose","PH060613000",2,128
"Region VII","Negros Oriental","San Jose","PH074617000",2,14
"Region VIII","Northern Samar","San Jose","PH084819000",1,10
"Region XIII","Dinagat Islands","San Jose","PH168506000",1,30
"Region IV-B","Occidental Mindoro","San Jose","PH175110000",2,145
"Region IV-B","Romblon","San Jose","PH175914000",1,3
"Region III","Nueva Ecija","San Jose City","PH034926000",3,131
"Region VIII","Samar","San Jose de Buan","PH086014000",1,NA
"Region I","Ilocos Sur","San Juan","PH012920000",3,5
"Region I","La Union","San Juan","PH013316000",3,6
"Region IV-A","Batangas","San Juan","PH041023000",2,20
"Region VII","Siquijor","San Juan","PH076105000",2,7
"Region VIII","Southern Leyte","San Juan","PH086414000",1,4
"Cordillera Administrative Region","Abra","San Juan","PH140122000",2,2
"Region VIII","Eastern Samar","San Julian","PH082620000",1,2
"Region III","Nueva Ecija","San Leonardo","PH034927000",3,16
"Region VI","Guimaras","San Lorenzo","PH067904000",2,3
"Region V","Camarines Norte","San Lorenzo Ruiz","PH051604000",1,2
"Region III","Pampanga","San Luis","PH035417000",3,23
"Region III","Aurora","San Luis","PH037708000",1,1
"Region IV-A","Batangas","San Luis","PH041024000",3,1
"Region XIII","Agusan del Sur","San Luis","PH160309000",1,6
"Region I","Pangasinan","San Manuel","PH015535000",3,17
"Region II","Isabela","San Manuel","PH023130000",2,18
"Region III","Tarlac","San Manuel","PH036914000",3,17
"Region III","Zambales","San Marcelino","PH037111000",2,103
"Region II","Isabela","San Mariano","PH023131000",2,42
"Region II","Isabela","San Mateo","PH023132000",2,24
"Region IV-A","Rizal","San Mateo","PH045811000",2,70
"Region III","Bulacan","San Miguel","PH031421000",3,58
"Region V","Catanduanes","San Miguel","PH052009000",1,9
"Region VI","Iloilo","San Miguel","PH063041000",2,2
"Region VII","Bohol","San Miguel","PH071238000",1,20
"Region VIII","Leyte","San Miguel","PH083743000",1,3
"Region IX","Zamboanga del Sur","San Miguel","PH097324000",1,5
"Region XIII","Surigao del Sur","San Miguel","PH166816000",1,7
"Region III","Zambales","San Narciso","PH037112000",2,4
"Region IV-A","Quezon","San Narciso","PH045644000",2,20
"Region I","Ilocos Norte","San Nicolas","PH012820000",3,13
"Region I","Pangasinan","San Nicolas","PH015536000",3,10
"Region IV-A","Batangas","San Nicolas","PH041025000",3,3
"Region II","Isabela","San Pablo","PH023133000",3,16
"Region IX","Zamboanga del Sur","San Pablo","PH097325000",1,11
"Region IV-A","Laguna","San Pablo City","PH043424000",2,211
"Region IV-A","Batangas","San Pascual","PH041026000",3,17
"Region V","Masbate","San Pascual","PH054120000",2,4
"Region VIII","Eastern Samar","San Policarpo","PH082621000",1,NA
"Region I","Pangasinan","San Quintin","PH015537000",3,13
"Cordillera Administrative Region","Abra","San Quintin","PH140123000",2,2
"Region III","Bulacan","San Rafael","PH031422000",2,10
"Region VI","Iloilo","San Rafael","PH063042000",1,5
"Region VI","Antique","San Remigio","PH060614000",2,15
"Region VII","Cebu","San Remigio","PH072243000",2,28
"Region VIII","Southern Leyte","San Ricardo","PH086415000",1,2
"Region VIII","Northern Samar","San Roque","PH084820000",1,26
"Region VIII","Samar","San Sebastian","PH086015000",1,3
"Region III","Pampanga","San Simon","PH035418000",3,4
"Region IV-B","Oriental Mindoro","San Teodoro","PH175213000",2,1
"Region I","Ilocos Sur","San Vicente","PH012921000",3,4
"Region V","Camarines Norte","San Vicente","PH051609000",1,NA
"Region VIII","Northern Samar","San Vicente","PH084821000",1,12
"Region IV-B","Palawan","San Vicente","PH175319000",3,16
"Region II","Cagayan","Sanchez-Mira","PH021522000",1,32
"Region I","Ilocos Sur","Santa","PH012922000",3,4
"Region II","Cagayan","Santa Ana","PH021523000",2,22
"Region III","Pampanga","Santa Ana","PH035419000",3,2
"Region I","Pangasinan","Santa Barbara","PH015538000",2,25
"Region VI","Iloilo","Santa Barbara","PH063043000",2,30
"Region I","Ilocos Sur","Santa Catalina","PH012923000",3,2
"Region VII","Negros Oriental","Santa Catalina","PH074618000",2,39
"Region I","Ilocos Sur","Santa Cruz","PH012924000",2,6
"Region III","Zambales","Santa Cruz","PH037113000",2,34
"Region IV-A","Laguna","Santa Cruz","PH043426000",2,156
"Region XI","Davao del Sur","Santa Cruz","PH112412000",1,34
"Region IV-B","Marinduque","Santa Cruz","PH174005000",1,32
"Region IV-B","Occidental Mindoro","Santa Cruz","PH175111000",2,43
"Region V","Camarines Norte","Santa Elena","PH051610000",1,15
"Region II","Nueva Vizcaya","Santa Fe","PH025012000",2,1
"Region VII","Cebu","Santa Fe","PH072244000",2,31
"Region VIII","Leyte","Santa Fe","PH083744000",1,5
"Region IV-B","Romblon","Santa Fe","PH175915000",2,2
"Region III","Tarlac","Santa Ignacia","PH036915000",3,5
"Region XIII","Agusan del Sur","Santa Josefa","PH160310000",1,4
"Region I","Ilocos Sur","Santa Lucia","PH012925000",2,10
"Region V","Sorsogon","Santa Magdalena","PH056215000",1,5
"Cordillera Administrative Region","Apayao","Santa Marcela","PH148107000",2,1
"Region VIII","Samar","Santa Margarita","PH086016000",1,9
"Region I","Ilocos Sur","Santa Maria","PH012926000",3,29
"Region I","Pangasinan","Santa Maria","PH015539000",3,5
"Region II","Isabela","Santa Maria","PH023134000",3,7
"Region III","Bulacan","Santa Maria","PH031423000",2,173
"Region IV-A","Laguna","Santa Maria","PH043427000",1,6
"Region XI","Davao Occidental","Santa Maria","PH118604000",1,11
"Region IV-B","Romblon","Santa Maria","PH175917000",2,2
"Region XIII","Surigao del Norte","Santa Monica","PH166721000",1,3
"Region II","Cagayan","Santa Praxedes","PH021524000",1,NA
"Region III","Pampanga","Santa Rita","PH035420000",3,NA
"Region VIII","Samar","Santa Rita","PH086017000",1,5
"Region III","Nueva Ecija","Santa Rosa","PH034928000",3,12
"Region II","Cagayan","Santa Teresita","PH021525000",2,4
"Region IV-A","Batangas","Santa Teresita","PH041027000",3,1
"Region VII","Cebu","Santander","PH072245000",1,7
"Region I","Ilocos Sur","Santiago","PH012927000",2,3
"Region XIII","Agusan del Norte","Santiago","PH160210000",1,1
"Region I","Ilocos Sur","Santo Domingo","PH012928000",3,3
"Region III","Nueva Ecija","Santo Domingo","PH034929000",3,24
"Region V","Albay","Santo Domingo","PH050516000",1,10
"Region II","Cagayan","Santo Niño","PH021526000",3,13
"Region VIII","Samar","Santo Niño","PH086018000",1,10
"Region XII","South Cotabato","Santo Niño","PH126318000",1,10
"Region I","La Union","Santo Tomas","PH013317000",3,6
"Region I","Pangasinan","Santo Tomas","PH015540000",3,5
"Region II","Isabela","Santo Tomas","PH023136000",3,6
"Region III","Pampanga","Santo Tomas","PH035421000",3,7
"Region IV-A","Batangas","Santo Tomas","PH041028000",2,38
"Region XI","Davao del Norte","Santo Tomas","PH112318000",1,46
"Region I","La Union","Santol","PH013318000",3,1
"Autonomous Region in Muslim Mindanao","Tawi-Tawi","Sapa-Sapa","PH157010000",1,NA
"Region X","Lanao del Norte","Sapad","PH103519000",1,4
"Region X","Misamis Occidental","Sapang Dalaga","PH104213000",1,5
"Region VI","Capiz","Sapi-An","PH061915000",1,4
"Region VI","Iloilo","Sara","PH063044000",1,115
"Region XI","Davao Occidental","Sarangani","PH118605000",1,7
"Region IV-A","Quezon","Sariaya","PH045645000",2,23
"Region I","Ilocos Norte","Sarrat","PH012821000",3,3
"Region III","Pampanga","Sasmuan","PH035422000",3,3
"Region III","Nueva Ecija","Science City of Muñoz","PH034917000",3,20
"Region VI","Antique","Sebaste","PH060615000",1,9
"Region XII","Sultan Kudarat","Sen. Ninoy Aquino","PH126512000",1,9
"Region IX","Zamboanga del Norte","Sergio Osmeña Sr.","PH097214000",1,14
"Region VII","Bohol","Sevilla","PH071239000",2,9
"Autonomous Region in Muslim Mindanao","Maguindanao","Shariff Aguak","PH153808000",1,1
"Autonomous Region in Muslim Mindanao","Maguindanao","Shariff Saydona Mustapha","PH153837000",1,NA
"Autonomous Region in Muslim Mindanao","Sulu","Siasi","PH156612000",1,1
"Region VII","Negros Oriental","Siaton","PH074619000",3,19
"Region IX","Zamboanga Sibugay","Siay","PH098313000",1,11
"Region IX","Zamboanga del Norte","Siayan","PH097215000",1,31
"Region XIII","Agusan del Sur","Sibagat","PH160314000",1,9
"Region VI","Antique","Sibalom","PH060616000",2,31
"Region VII","Cebu","Sibonga","PH072246000",1,19
"Region IX","Zamboanga del Norte","Sibuco","PH097216000",2,5
"Region VII","Negros Oriental","Sibulan","PH074620000",2,23
"Region VI","Guimaras","Sibunag","PH067905000",2,2
"Region IX","Zamboanga del Norte","Sibutad","PH097217000",1,1
"Autonomous Region in Muslim Mindanao","Tawi-Tawi","Sibutu","PH157011000",1,2
"Region VII","Bohol","Sierra Bullones","PH071240000",1,13
"Region I","Ilocos Sur","Sigay","PH012929000",2,NA
"Region VI","Capiz","Sigma","PH061916000",1,9
"Region VII","Bohol","Sikatuna","PH071241000",1,2
"Region VIII","Southern Leyte","Silago","PH086416000",1,5
"Region IV-A","Cavite","Silang","PH042118000",3,91
"Region VI","Negros Occidental","Silay City","PH064526000",1,352
"Region VIII","Northern Samar","Silvino Lobos","PH084822000",1,21
"Autonomous Region in Muslim Mindanao","Tawi-Tawi","Simunul","PH157004000",1,NA
"Region X","Misamis Occidental","Sinacaban","PH104214000",1,8
"Region I","Ilocos Sur","Sinait","PH012930000",2,20
"Region IX","Zamboanga del Norte","Sindangan","PH097218000",2,104
"Region IV-A","Laguna","Siniloan","PH043429000",1,19
"Region IX","Zamboanga del Norte","Siocon","PH097219000",2,28
"Region V","Camarines Sur","Sipocot","PH051734000",1,21
"Region VII","Siquijor","Siquijor","PH076106000",2,28
"Region IX","Zamboanga del Norte","Sirawai","PH097220000",2,3
"Region V","Camarines Sur","Siruma","PH051735000",1,12
"Region I","Pangasinan","Sison","PH015541000",2,17
"Region XIII","Surigao del Norte","Sison","PH166722000",1,1
"Autonomous Region in Muslim Mindanao","Tawi-Tawi","Sitangkai","PH157005000",1,4
"Region XIII","Surigao del Norte","Socorro","PH166723000",1,8
"Region IV-B","Oriental Mindoro","Socorro","PH175214000",2,8
"Region IV-B","Palawan","Sofronio Española","PH175324000",3,3
"Region VII","Cebu","Sogod","PH072247000",2,24
"Region VIII","Southern Leyte","Sogod","PH086417000",1,72
"Region II","Cagayan","Solana","PH021527000",3,59
"Region II","Nueva Vizcaya","Solano","PH025013000",2,17
"Region I","Ilocos Norte","Solsona","PH012822000",3,3
"Region IX","Zamboanga del Sur","Sominot","PH097340000",1,15
"Autonomous Region in Muslim Mindanao","Tawi-Tawi","South Ubian","PH157006000",1,NA
"Autonomous Region in Muslim Mindanao","Maguindanao","South Upi","PH153817000",1,3
"Region I","Pangasinan","Sual","PH015542000",2,19
"Region III","Zambales","Subic","PH037114000",2,65
"Region I","La Union","Sudipen","PH013319000",3,NA
"Region X","Misamis Oriental","Sugbongcogon","PH104323000",1,2
"Region I","Ilocos Sur","Sugpon","PH012931000",3,1
"Region VIII","Eastern Samar","Sulat","PH082622000",1,2
"Region XI","Davao del Sur","Sulop","PH112414000",1,5
"Autonomous Region in Muslim Mindanao","Lanao del Sur","Sultan Dumalondong","PH153640000",1,NA
"Autonomous Region in Muslim Mindanao","Maguindanao","Sultan Kudarat","PH153812000",1,2
"Autonomous Region in Muslim Mindanao","Maguindanao","Sultan Mastura","PH153824000",1,NA
"Region X","Lanao del Norte","Sultan Naga Dimaporo","PH103506000",1,9
"Autonomous Region in Muslim Mindanao","Maguindanao","Sultan Sa Barongis","PH153813000",1,1
"Region X","Bukidnon","Sumilao","PH101319000",1,15
"Autonomous Region in Muslim Mindanao","Basilan","Sumisip","PH150705000",1,2
"Region XII","South Cotabato","Surallah","PH126313000",1,36
"Region XIII","Surigao del Norte","Surigao City","PH166724000",1,291
"Region I","Ilocos Sur","Suyo","PH012932000",2,5
"Region XII","South Cotabato","T'Boli","PH126316000",1,27
"Region IV-A","Batangas","Taal","PH041029000",3,14
"Region VIII","Leyte","Tabango","PH083745000",1,19
"Region IX","Zamboanga del Sur","Tabina","PH097327000",1,5
"Region VII","Cebu","Tabogon","PH072248000",2,22
"Region VIII","Leyte","Tabontabon","PH083746000",1,6
"Autonomous Region in Muslim Mindanao","Basilan","Tabuan-Lasa","PH150713000",1,NA
"Region VII","Cebu","Tabuelan","PH072249000",2,2
"Region VIII","Leyte","Tacloban City","PH083747000",1,420
"Cordillera Administrative Region","Mountain Province","Tadian","PH144410000",12,3
"Region VIII","Eastern Samar","Taft","PH082623000",1,8
"Region XIII","Surigao del Norte","Tagana-An","PH166725000",1,8
"Region VIII","Samar","Tagapul-An","PH086024000",1,1
"Region IV-A","Cavite","Tagaytay City","PH042119000",2,38
"Region VII","Bohol","Tagbilaran City","PH071242000",1,342
"Region XIII","Surigao del Sur","Tagbina","PH166817000",1,26
"Region IV-A","Quezon","Tagkawayan","PH045646000",1,31
"Region XIII","Surigao del Sur","Tago","PH166818000",1,5
"Region X","Lanao del Norte","Tagoloan","PH103520000",1,1
"Region X","Misamis Oriental","Tagoloan","PH104324000",1,25
"Autonomous Region in Muslim Mindanao","Lanao del Sur","Tagoloan II","PH153638000",1,NA
"Region I","Ilocos Sur","Tagudin","PH012933000",3,14
"National Capital Region","NCR, Fourth District","Taguig City","PH137607000",3,432
"Region XIII","Agusan del Sur","Talacogon","PH160311000",1,8
"Region XI","Davao del Norte","Talaingod","PH112322000",1,64
"Region X","Bukidnon","Talakag","PH101320000",1,15
"Region VIII","Samar","Talalora","PH086019000",1,6
"Region III","Nueva Ecija","Talavera","PH034930000",3,39
"Autonomous Region in Muslim Mindanao","Maguindanao","Talayan","PH153816000",1,NA
"Region VII","Bohol","Talibon","PH071243000",1,115
"Autonomous Region in Muslim Mindanao","Sulu","Talipao","PH156613000",1,2
"Region IV-A","Batangas","Talisay","PH041030000",3,10
"Region V","Camarines Norte","Talisay","PH051611000",1,8
"Region X","Misamis Oriental","Talisayan","PH104325000",1,32
"Autonomous Region in Muslim Mindanao","Maguindanao","Talitay","PH153821000",1,NA
"Region III","Nueva Ecija","Talugtug","PH034931000",3,1
"Region IX","Zamboanga Sibugay","Talusan","PH098314000",1,8
"Region IX","Zamboanga del Sur","Tambulig","PH097328000",1,19
"Region XII","South Cotabato","Tampakan","PH126314000",1,9
"Autonomous Region in Muslim Mindanao","Lanao del Sur","Tamparan","PH153626000",1,4
"Region IX","Zamboanga del Norte","Tampilisan","PH097221000",1,15
"Region VIII","Leyte","Tanauan","PH083748000",1,18
"Region IV-A","Rizal","Tanay","PH045812000",2,71
"Autonomous Region in Muslim Mindanao","Tawi-Tawi","Tandubas","PH157007000",1,1
"Region VI","Aklan","Tangalan","PH060417000",1,13
"Region X","Lanao del Norte","Tangcal","PH103521000",1,1
"Region X","Misamis Occidental","Tangub City","PH104215000",1,58
"Region XII","South Cotabato","Tantangan","PH126315000",1,NA
"Cordillera Administrative Region","Kalinga","Tanudan","PH143214000",2,9
"Region IV-A","Cavite","Tanza","PH042120000",3,103
"Region VI","Capiz","Tapaz","PH061917000",1,21
"Autonomous Region in Muslim Mindanao","Sulu","Tapul","PH156614000",1,NA
"Autonomous Region in Muslim Mindanao","Lanao del Sur","Taraka","PH153627000",1,3
"Region VIII","Samar","Tarangnan","PH086020000",1,22
"Region XI","Davao Oriental","Tarragona","PH112511000",1,4
"Region VII","Negros Oriental","Tayasan","PH074622000",2,28
"Region IV-A","Batangas","Taysan","PH041032000",2,NA
"Region IV-A","Rizal","Taytay","PH045813000",3,73
"Region IV-B","Palawan","Taytay","PH175320000",2,40
"Region I","Pangasinan","Tayug","PH015543000",3,100
"Cordillera Administrative Region","Abra","Tayum","PH140124000",2,8
"Region IV-A","Rizal","Teresa","PH045814000",2,7
"Region IV-A","Cavite","Ternate","PH042121000",3,8
"Region IV-A","Quezon","Tiaong","PH045648000",2,25
"Region VI","Antique","Tibiao","PH060617000",2,9
"Region V","Camarines Sur","Tigaon","PH051736000",1,45
"Region IX","Zamboanga del Sur","Tigbao","PH097344000",1,14
"Region VI","Iloilo","Tigbauan","PH063045000",2,12
"Region V","Camarines Sur","Tinambac","PH051737000",1,43
"Cordillera Administrative Region","Abra","Tineg","PH140125000",2,1
"Cordillera Administrative Region","Kalinga","Tinglayan","PH143215000",2,6
"Region IV-A","Batangas","Tingloy","PH041033000",3,6
"Cordillera Administrative Region","Ifugao","Tinoc","PH142710000",12,11
"Autonomous Region in Muslim Mindanao","Basilan","Tipo-Tipo","PH150706000",1,1
"Region IX","Zamboanga Sibugay","Titay","PH098315000",1,30
"Region V","Albay","Tiwi","PH050518000",1,11
"Region VI","Antique","Tobias Fornier","PH060607000",2,8
"Region VI","Negros Occidental","Toboso","PH064529000",1,15
"Region VII","Cebu","Toledo City","PH072251000",1,93
"Region VIII","Leyte","Tolosa","PH083749000",1,1
"Region VIII","Southern Leyte","Tomas Oppus","PH086418000",1,4
"Autonomous Region in Muslim Mindanao","Sulu","Tongkil","PH156615000",1,NA
"Region IV-B","Marinduque","Torrijos","PH174006000",1,4
"Region IV-A","Cavite","Trece Martires City","PH042122000",3,364
"Region XIII","Agusan del Sur","Trento","PH160312000",1,23
"Region VII","Bohol","Trinidad","PH071244000",1,7
"Region II","Cagayan","Tuao","PH021528000",3,32
"Cordillera Administrative Region","Benguet","Tuba","PH141113000",2,7
"Region XIII","Dinagat Islands","Tubajon","PH168507000",1,1
"Region I","La Union","Tubao","PH013320000",3,9
"Autonomous Region in Muslim Mindanao","Lanao del Sur","Tubaran","PH153628000",1,NA
"Region XIII","Agusan del Norte","Tubay","PH160211000",1,4
"Region VII","Bohol","Tubigon","PH071245000",1,36
"Cordillera Administrative Region","Benguet","Tublay","PH141114000",2,11
"Cordillera Administrative Region","Abra","Tubo","PH140126000",2,3
"Region X","Lanao del Norte","Tubod","PH103522000",1,30
"Region XIII","Surigao del Norte","Tubod","PH166727000",1,1
"Region VI","Iloilo","Tubungan","PH063046000",2,8
"Region VII","Cebu","Tuburan","PH072252000",2,46
"Autonomous Region in Muslim Mindanao","Basilan","Tuburan","PH150707000",1,NA
"Region VII","Cebu","Tudela","PH072253000",1,3
"Region X","Misamis Occidental","Tudela","PH104216000",1,10
"Autonomous Region in Muslim Mindanao","Lanao del Sur","Tugaya","PH153629000",1,8
"Region II","Cagayan","Tuguegarao City","PH021529000",3,328
"Region IX","Zamboanga del Sur","Tukuran","PH097330000",1,17
"Region XII","Cotabato","Tulunan","PH124714000",1,20
"Region II","Isabela","Tumauini","PH023137000",2,11
"Region VIII","Leyte","Tunga","PH083750000",1,3
"Region IX","Zamboanga Sibugay","Tungawan","PH098316000",1,28
"Region XII","South Cotabato","Tupi","PH126317000",1,36
"Autonomous Region in Muslim Mindanao","Tawi-Tawi","Turtle Islands","PH157008000",1,NA
"Region IV-A","Batangas","Tuy","PH041034000",3,14
"Region VII","Bohol","Ubay","PH071246000",1,59
"Region I","Pangasinan","Umingan","PH015544000",3,28
"Autonomous Region in Muslim Mindanao","Basilan","Ungkaya Pukan","PH150711000",1,NA
"Region IV-A","Quezon","Unisan","PH045649000",1,17
"Autonomous Region in Muslim Mindanao","Maguindanao","Upi","PH153815000",1,8
"Region I","Pangasinan","Urbiztondo","PH015545000",3,43
"Region V","Masbate","Uson","PH054121000",1,25
"Region II","Batanes","Uyugan","PH020906000",1,NA
"Region VI","Antique","Valderrama","PH060618000",2,23
"Region VII","Bohol","Valencia","PH071247000",2,14
"Region VII","Negros Oriental","Valencia","PH074623000",2,5
"Region VI","Negros Occidental","Valladolid","PH064530000",2,63
"Region VII","Negros Oriental","Vallehermoso","PH074624000",1,39
"Region XIII","Agusan del Sur","Veruela","PH160313000",1,4
"Region III","Tarlac","Victoria","PH036917000",3,45
"Region IV-A","Laguna","Victoria","PH043430000",2,12
"Region VIII","Northern Samar","Victoria","PH084823000",1,10
"Region IV-B","Oriental Mindoro","Victoria","PH175215000",2,23
"Region V","Catanduanes","Viga","PH052010000",1,21
"Region VIII","Leyte","Villaba","PH083751000",1,40
"Region X","Misamis Oriental","Villanueva","PH104326000",1,13
"Region VIII","Samar","Villareal","PH086021000",1,25
"Region I","Pangasinan","Villasis","PH015547000",3,7
"Region II","Nueva Vizcaya","Villaverde","PH025014000",2,3
"Cordillera Administrative Region","Abra","Villaviciosa","PH140127000",2,4
"Region IX","Zamboanga del Sur","Vincenzo A. Sagun","PH097341000",1,14
"Region I","Ilocos Norte","Vintar","PH012823000",3,4
"Region V","Camarines Norte","Vinzons","PH051612000",1,10
"Region V","Catanduanes","Virac","PH052011000",1,128
"Autonomous Region in Muslim Mindanao","Lanao del Sur","Wao","PH153630000",1,17
"Region IX","Zamboanga del Sur","Zamboanga City","PH097332000",3,1163
"Region VII","Negros Oriental","Zamboanguita","PH074625000",3,17
"Region III","Nueva Ecija","Zaragoza","PH034932000",3,16
"Region VI","Iloilo","Zarraga","PH063047000",2,4
"Region VIII","Samar","Zumarraga","PH086023000",1,4
